uuid	entry	run	subrun	event	dnnsp_reco1_same	dnnsp_detsim_same	gauss_same	wiener_same	dnnsp_maxabs	dnnsp_ndiff	dnnsp_sumT	dnnsp_sumA	gauss_maxabs	gauss_ndiff	wiener_maxabs	wiener_ndiff	passthrough_T	passthrough_A	T_reco1	A_reco1	T_detsim	A_detsim
4f08-780d-177d-1e84	0	1	8	1	1	1	1	1	0.0	0	6599973.5	6599973.5	0.0	0	0.0	0	1	1	/lus/flare/projects/neutrinoGPU/twester/scratch/sbnd_gen2_full/reco1/000000/000000/reco1-detsim-g4-gen-4f08-780d-177d-1e84.root	/lus/flare/projects/neutrinoGPU/abhat/sbnd/thomas-g4-parsl-reproduction-20260921/reco1/000000/000000/reco1-detsim-02d4-052b-a7c2-4a42.root	/lus/flare/projects/neutrinoGPU/twester/scratch/sbnd_gen2_full/detsim/000000/000000/detsim-g4-gen-4f08-780d-177d-1e84.root	/lus/flare/projects/neutrinoGPU/abhat/sbnd/thomas-g4-parsl-reproduction-20260921/detsim/000000/000000/detsim-02d4-052b-a7c2-4a42.root
4f08-780d-177d-1e84	1	1	8	2	1	1	0	0	0.0	0	9404939.0	9404939.0	10.479999542236328	4478	16.700000762939453	3884	1	1	/lus/flare/projects/neutrinoGPU/twester/scratch/sbnd_gen2_full/reco1/000000/000000/reco1-detsim-g4-gen-4f08-780d-177d-1e84.root	/lus/flare/projects/neutrinoGPU/abhat/sbnd/thomas-g4-parsl-reproduction-20260921/reco1/000000/000000/reco1-detsim-02d4-052b-a7c2-4a42.root	/lus/flare/projects/neutrinoGPU/twester/scratch/sbnd_gen2_full/detsim/000000/000000/detsim-g4-gen-4f08-780d-177d-1e84.root	/lus/flare/projects/neutrinoGPU/abhat/sbnd/thomas-g4-parsl-reproduction-20260921/detsim/000000/000000/detsim-02d4-052b-a7c2-4a42.root
4f08-780d-177d-1e84	2	1	8	4	1	1	0	0	0.0	0	7405589.5	7405589.5	14.199999809265137	57	15.539999961853027	57	1	1	/lus/flare/projects/neutrinoGPU/twester/scratch/sbnd_gen2_full/reco1/000000/000000/reco1-detsim-g4-gen-4f08-780d-177d-1e84.root	/lus/flare/projects/neutrinoGPU/abhat/sbnd/thomas-g4-parsl-reproduction-20260921/reco1/000000/000000/reco1-detsim-02d4-052b-a7c2-4a42.root	/lus/flare/projects/neutrinoGPU/twester/scratch/sbnd_gen2_full/detsim/000000/000000/detsim-g4-gen-4f08-780d-177d-1e84.root	/lus/flare/projects/neutrinoGPU/abhat/sbnd/thomas-g4-parsl-reproduction-20260921/detsim/000000/000000/detsim-02d4-052b-a7c2-4a42.root
4f08-780d-177d-1e84	3	1	8	9	1	1	1	1	0.0	0	9537734.0	9537734.0	0.0	0	0.0	0	1	1	/lus/flare/projects/neutrinoGPU/twester/scratch/sbnd_gen2_full/reco1/000000/000000/reco1-detsim-g4-gen-4f08-780d-177d-1e84.root	/lus/flare/projects/neutrinoGPU/abhat/sbnd/thomas-g4-parsl-reproduction-20260921/reco1/000000/000000/reco1-detsim-02d4-052b-a7c2-4a42.root	/lus/flare/projects/neutrinoGPU/twester/scratch/sbnd_gen2_full/detsim/000000/000000/detsim-g4-gen-4f08-780d-177d-1e84.root	/lus/flare/projects/neutrinoGPU/abhat/sbnd/thomas-g4-parsl-reproduction-20260921/detsim/000000/000000/detsim-02d4-052b-a7c2-4a42.root
4f08-780d-177d-1e84	4	1	8	13	1	1	0	0	0.0	0	11490584.0	11490584.0	1.8600000143051147	103	4.980000019073486	88	1	1	/lus/flare/projects/neutrinoGPU/twester/scratch/sbnd_gen2_full/reco1/000000/000000/reco1-detsim-g4-gen-4f08-780d-177d-1e84.root	/lus/flare/projects/neutrinoGPU/abhat/sbnd/thomas-g4-parsl-reproduction-20260921/reco1/000000/000000/reco1-detsim-02d4-052b-a7c2-4a42.root	/lus/flare/projects/neutrinoGPU/twester/scratch/sbnd_gen2_full/detsim/000000/000000/detsim-g4-gen-4f08-780d-177d-1e84.root	/lus/flare/projects/neutrinoGPU/abhat/sbnd/thomas-g4-parsl-reproduction-20260921/detsim/000000/000000/detsim-02d4-052b-a7c2-4a42.root
4f08-780d-177d-1e84	5	1	8	14	1	1	1	1	0.0	0	9206050.0	9206050.0	0.0	0	0.0	0	1	1	/lus/flare/projects/neutrinoGPU/twester/scratch/sbnd_gen2_full/reco1/000000/000000/reco1-detsim-g4-gen-4f08-780d-177d-1e84.root	/lus/flare/projects/neutrinoGPU/abhat/sbnd/thomas-g4-parsl-reproduction-20260921/reco1/000000/000000/reco1-detsim-02d4-052b-a7c2-4a42.root	/lus/flare/projects/neutrinoGPU/twester/scratch/sbnd_gen2_full/detsim/000000/000000/detsim-g4-gen-4f08-780d-177d-1e84.root	/lus/flare/projects/neutrinoGPU/abhat/sbnd/thomas-g4-parsl-reproduction-20260921/detsim/000000/000000/detsim-02d4-052b-a7c2-4a42.root
4f08-780d-177d-1e84	6	1	8	15	1	1	1	1	0.0	0	6231053.5	6231053.5	0.0	0	0.0	0	1	1	/lus/flare/projects/neutrinoGPU/twester/scratch/sbnd_gen2_full/reco1/000000/000000/reco1-detsim-g4-gen-4f08-780d-177d-1e84.root	/lus/flare/projects/neutrinoGPU/abhat/sbnd/thomas-g4-parsl-reproduction-20260921/reco1/000000/000000/reco1-detsim-02d4-052b-a7c2-4a42.root	/lus/flare/projects/neutrinoGPU/twester/scratch/sbnd_gen2_full/detsim/000000/000000/detsim-g4-gen-4f08-780d-177d-1e84.root	/lus/flare/projects/neutrinoGPU/abhat/sbnd/thomas-g4-parsl-reproduction-20260921/detsim/000000/000000/detsim-02d4-052b-a7c2-4a42.root
f356-90c1-0215-e140	0	1	10	2	1	1	1	1	0.0	0	11850277.0	11850277.0	0.0	0	0.0	0	1	1	/lus/flare/projects/neutrinoGPU/twester/scratch/sbnd_gen2_full/reco1/000000/000000/reco1-detsim-g4-gen-f356-90c1-0215-e140.root	/lus/flare/projects/neutrinoGPU/abhat/sbnd/thomas-g4-parsl-reproduction-20260921/reco1/000000/000000/reco1-detsim-073d-091b-c438-e7ec.root	/lus/flare/projects/neutrinoGPU/twester/scratch/sbnd_gen2_full/detsim/000000/000000/detsim-g4-gen-f356-90c1-0215-e140.root	/lus/flare/projects/neutrinoGPU/abhat/sbnd/thomas-g4-parsl-reproduction-20260921/detsim/000000/000000/detsim-073d-091b-c438-e7ec.root
f356-90c1-0215-e140	1	1	10	5	0	0	1	1	2.7721526622772217	75	6487970.5	6488052.0	0.0	0	0.0	0	1	1	/lus/flare/projects/neutrinoGPU/twester/scratch/sbnd_gen2_full/reco1/000000/000000/reco1-detsim-g4-gen-f356-90c1-0215-e140.root	/lus/flare/projects/neutrinoGPU/abhat/sbnd/thomas-g4-parsl-reproduction-20260921/reco1/000000/000000/reco1-detsim-073d-091b-c438-e7ec.root	/lus/flare/projects/neutrinoGPU/twester/scratch/sbnd_gen2_full/detsim/000000/000000/detsim-g4-gen-f356-90c1-0215-e140.root	/lus/flare/projects/neutrinoGPU/abhat/sbnd/thomas-g4-parsl-reproduction-20260921/detsim/000000/000000/detsim-073d-091b-c438-e7ec.root
f356-90c1-0215-e140	2	1	10	6	0	0	1	1	11.587388038635254	187	11276648.0	11276148.0	0.0	0	0.0	0	1	1	/lus/flare/projects/neutrinoGPU/twester/scratch/sbnd_gen2_full/reco1/000000/000000/reco1-detsim-g4-gen-f356-90c1-0215-e140.root	/lus/flare/projects/neutrinoGPU/abhat/sbnd/thomas-g4-parsl-reproduction-20260921/reco1/000000/000000/reco1-detsim-073d-091b-c438-e7ec.root	/lus/flare/projects/neutrinoGPU/twester/scratch/sbnd_gen2_full/detsim/000000/000000/detsim-g4-gen-f356-90c1-0215-e140.root	/lus/flare/projects/neutrinoGPU/abhat/sbnd/thomas-g4-parsl-reproduction-20260921/detsim/000000/000000/detsim-073d-091b-c438-e7ec.root
f356-90c1-0215-e140	3	1	10	9	1	1	1	1	0.0	0	11432582.0	11432582.0	0.0	0	0.0	0	1	1	/lus/flare/projects/neutrinoGPU/twester/scratch/sbnd_gen2_full/reco1/000000/000000/reco1-detsim-g4-gen-f356-90c1-0215-e140.root	/lus/flare/projects/neutrinoGPU/abhat/sbnd/thomas-g4-parsl-reproduction-20260921/reco1/000000/000000/reco1-detsim-073d-091b-c438-e7ec.root	/lus/flare/projects/neutrinoGPU/twester/scratch/sbnd_gen2_full/detsim/000000/000000/detsim-g4-gen-f356-90c1-0215-e140.root	/lus/flare/projects/neutrinoGPU/abhat/sbnd/thomas-g4-parsl-reproduction-20260921/detsim/000000/000000/detsim-073d-091b-c438-e7ec.root
f356-90c1-0215-e140	4	1	10	15	1	1	0	0	0.0	0	8049784.0	8049784.0	0.06000000238418579	24	0.30000001192092896	24	1	1	/lus/flare/projects/neutrinoGPU/twester/scratch/sbnd_gen2_full/reco1/000000/000000/reco1-detsim-g4-gen-f356-90c1-0215-e140.root	/lus/flare/projects/neutrinoGPU/abhat/sbnd/thomas-g4-parsl-reproduction-20260921/reco1/000000/000000/reco1-detsim-073d-091b-c438-e7ec.root	/lus/flare/projects/neutrinoGPU/twester/scratch/sbnd_gen2_full/detsim/000000/000000/detsim-g4-gen-f356-90c1-0215-e140.root	/lus/flare/projects/neutrinoGPU/abhat/sbnd/thomas-g4-parsl-reproduction-20260921/detsim/000000/000000/detsim-073d-091b-c438-e7ec.root
7459-87c8-75c1-6f29	0	1	3	9	1	1	0	0	0.0	0	5595936.5	5595936.5	0.9999998807907104	135	2.2799997329711914	106	1	1	/lus/flare/projects/neutrinoGPU/twester/scratch/sbnd_gen2_full/reco1/000000/000000/reco1-detsim-g4-gen-7459-87c8-75c1-6f29.root	/lus/flare/projects/neutrinoGPU/abhat/sbnd/thomas-g4-parsl-reproduction-20260921/reco1/000000/000000/reco1-detsim-089f-81b6-93fa-a208.root	/lus/flare/projects/neutrinoGPU/twester/scratch/sbnd_gen2_full/detsim/000000/000000/detsim-g4-gen-7459-87c8-75c1-6f29.root	/lus/flare/projects/neutrinoGPU/abhat/sbnd/thomas-g4-parsl-reproduction-20260921/detsim/000000/000000/detsim-089f-81b6-93fa-a208.root
7459-87c8-75c1-6f29	1	1	3	11	1	1	0	0	0.0	0	3938197.25	3938197.25	14.460000038146973	53	19.299999237060547	51	1	1	/lus/flare/projects/neutrinoGPU/twester/scratch/sbnd_gen2_full/reco1/000000/000000/reco1-detsim-g4-gen-7459-87c8-75c1-6f29.root	/lus/flare/projects/neutrinoGPU/abhat/sbnd/thomas-g4-parsl-reproduction-20260921/reco1/000000/000000/reco1-detsim-089f-81b6-93fa-a208.root	/lus/flare/projects/neutrinoGPU/twester/scratch/sbnd_gen2_full/detsim/000000/000000/detsim-g4-gen-7459-87c8-75c1-6f29.root	/lus/flare/projects/neutrinoGPU/abhat/sbnd/thomas-g4-parsl-reproduction-20260921/detsim/000000/000000/detsim-089f-81b6-93fa-a208.root
867c-fb44-c652-5d54	0	1	2	6	1	1	1	1	0.0	0	15299076.0	15299076.0	0.0	0	0.0	0	1	1	/lus/flare/projects/neutrinoGPU/twester/scratch/sbnd_gen2_full/reco1/000000/000000/reco1-detsim-g4-gen-867c-fb44-c652-5d54.root	/lus/flare/projects/neutrinoGPU/abhat/sbnd/thomas-g4-parsl-reproduction-20260921/reco1/000000/000000/reco1-detsim-0b0c-9164-e884-9372.root	/lus/flare/projects/neutrinoGPU/twester/scratch/sbnd_gen2_full/detsim/000000/000000/detsim-g4-gen-867c-fb44-c652-5d54.root	/lus/flare/projects/neutrinoGPU/abhat/sbnd/thomas-g4-parsl-reproduction-20260921/detsim/000000/000000/detsim-0b0c-9164-e884-9372.root
867c-fb44-c652-5d54	1	1	2	9	1	1	1	1	0.0	0	5681836.0	5681836.0	0.0	0	0.0	0	1	1	/lus/flare/projects/neutrinoGPU/twester/scratch/sbnd_gen2_full/reco1/000000/000000/reco1-detsim-g4-gen-867c-fb44-c652-5d54.root	/lus/flare/projects/neutrinoGPU/abhat/sbnd/thomas-g4-parsl-reproduction-20260921/reco1/000000/000000/reco1-detsim-0b0c-9164-e884-9372.root	/lus/flare/projects/neutrinoGPU/twester/scratch/sbnd_gen2_full/detsim/000000/000000/detsim-g4-gen-867c-fb44-c652-5d54.root	/lus/flare/projects/neutrinoGPU/abhat/sbnd/thomas-g4-parsl-reproduction-20260921/detsim/000000/000000/detsim-0b0c-9164-e884-9372.root
867c-fb44-c652-5d54	2	1	2	14	1	1	1	1	0.0	0	14596471.0	14596471.0	0.0	0	0.0	0	1	1	/lus/flare/projects/neutrinoGPU/twester/scratch/sbnd_gen2_full/reco1/000000/000000/reco1-detsim-g4-gen-867c-fb44-c652-5d54.root	/lus/flare/projects/neutrinoGPU/abhat/sbnd/thomas-g4-parsl-reproduction-20260921/reco1/000000/000000/reco1-detsim-0b0c-9164-e884-9372.root	/lus/flare/projects/neutrinoGPU/twester/scratch/sbnd_gen2_full/detsim/000000/000000/detsim-g4-gen-867c-fb44-c652-5d54.root	/lus/flare/projects/neutrinoGPU/abhat/sbnd/thomas-g4-parsl-reproduction-20260921/detsim/000000/000000/detsim-0b0c-9164-e884-9372.root
3047-6e4e-6694-57cc	0	1	17	1	1	1	0	0	0.0	0	5457568.5	5457568.5	9.479999542236328	94	13.15999984741211	75	1	1	/lus/flare/projects/neutrinoGPU/twester/scratch/sbnd_gen2_full/reco1/000000/000000/reco1-detsim-g4-gen-3047-6e4e-6694-57cc.root	/lus/flare/projects/neutrinoGPU/abhat/sbnd/thomas-g4-parsl-reproduction-20260921/reco1/000000/000000/reco1-detsim-39dd-577d-69f9-57e0.root	/lus/flare/projects/neutrinoGPU/twester/scratch/sbnd_gen2_full/detsim/000000/000000/detsim-g4-gen-3047-6e4e-6694-57cc.root	/lus/flare/projects/neutrinoGPU/abhat/sbnd/thomas-g4-parsl-reproduction-20260921/detsim/000000/000000/detsim-39dd-577d-69f9-57e0.root
3047-6e4e-6694-57cc	1	1	17	6	1	1	0	0	0.0	0	4023981.75	4023981.75	18.360000610351562	506	20.780000686645508	452	1	1	/lus/flare/projects/neutrinoGPU/twester/scratch/sbnd_gen2_full/reco1/000000/000000/reco1-detsim-g4-gen-3047-6e4e-6694-57cc.root	/lus/flare/projects/neutrinoGPU/abhat/sbnd/thomas-g4-parsl-reproduction-20260921/reco1/000000/000000/reco1-detsim-39dd-577d-69f9-57e0.root	/lus/flare/projects/neutrinoGPU/twester/scratch/sbnd_gen2_full/detsim/000000/000000/detsim-g4-gen-3047-6e4e-6694-57cc.root	/lus/flare/projects/neutrinoGPU/abhat/sbnd/thomas-g4-parsl-reproduction-20260921/detsim/000000/000000/detsim-39dd-577d-69f9-57e0.root
3047-6e4e-6694-57cc	2	1	17	7	0	0	0	0	1.6962976455688477	81	7870654.0	7870635.5	1.440000057220459	70	4.139999866485596	56	1	1	/lus/flare/projects/neutrinoGPU/twester/scratch/sbnd_gen2_full/reco1/000000/000000/reco1-detsim-g4-gen-3047-6e4e-6694-57cc.root	/lus/flare/projects/neutrinoGPU/abhat/sbnd/thomas-g4-parsl-reproduction-20260921/reco1/000000/000000/reco1-detsim-39dd-577d-69f9-57e0.root	/lus/flare/projects/neutrinoGPU/twester/scratch/sbnd_gen2_full/detsim/000000/000000/detsim-g4-gen-3047-6e4e-6694-57cc.root	/lus/flare/projects/neutrinoGPU/abhat/sbnd/thomas-g4-parsl-reproduction-20260921/detsim/000000/000000/detsim-39dd-577d-69f9-57e0.root
3047-6e4e-6694-57cc	3	1	17	12	0	0	1	1	1.947095274925232	26	9207455.0	9207426.0	0.0	0	0.0	0	1	1	/lus/flare/projects/neutrinoGPU/twester/scratch/sbnd_gen2_full/reco1/000000/000000/reco1-detsim-g4-gen-3047-6e4e-6694-57cc.root	/lus/flare/projects/neutrinoGPU/abhat/sbnd/thomas-g4-parsl-reproduction-20260921/reco1/000000/000000/reco1-detsim-39dd-577d-69f9-57e0.root	/lus/flare/projects/neutrinoGPU/twester/scratch/sbnd_gen2_full/detsim/000000/000000/detsim-g4-gen-3047-6e4e-6694-57cc.root	/lus/flare/projects/neutrinoGPU/abhat/sbnd/thomas-g4-parsl-reproduction-20260921/detsim/000000/000000/detsim-39dd-577d-69f9-57e0.root
3047-6e4e-6694-57cc	4	1	17	14	1	1	0	0	0.0	0	7812971.5	7812971.5	2.4600000381469727	83	4.940000057220459	70	1	1	/lus/flare/projects/neutrinoGPU/twester/scratch/sbnd_gen2_full/reco1/000000/000000/reco1-detsim-g4-gen-3047-6e4e-6694-57cc.root	/lus/flare/projects/neutrinoGPU/abhat/sbnd/thomas-g4-parsl-reproduction-20260921/reco1/000000/000000/reco1-detsim-39dd-577d-69f9-57e0.root	/lus/flare/projects/neutrinoGPU/twester/scratch/sbnd_gen2_full/detsim/000000/000000/detsim-g4-gen-3047-6e4e-6694-57cc.root	/lus/flare/projects/neutrinoGPU/abhat/sbnd/thomas-g4-parsl-reproduction-20260921/detsim/000000/000000/detsim-39dd-577d-69f9-57e0.root
8b63-0aca-23d7-0ab0	0	1	13	2	1	1	0	0	0.0	0	3922074.0	3922074.0	13.0	122	20.84000015258789	109	1	1	/lus/flare/projects/neutrinoGPU/twester/scratch/sbnd_gen2_full/reco1/000000/000000/reco1-detsim-g4-gen-8b63-0aca-23d7-0ab0.root	/lus/flare/projects/neutrinoGPU/abhat/sbnd/thomas-g4-parsl-reproduction-20260921/reco1/000000/000000/reco1-detsim-3de8-e31a-378b-40c8.root	/lus/flare/projects/neutrinoGPU/twester/scratch/sbnd_gen2_full/detsim/000000/000000/detsim-g4-gen-8b63-0aca-23d7-0ab0.root	/lus/flare/projects/neutrinoGPU/abhat/sbnd/thomas-g4-parsl-reproduction-20260921/detsim/000000/000000/detsim-3de8-e31a-378b-40c8.root
8b63-0aca-23d7-0ab0	1	1	13	3	1	1	0	0	0.0	0	5866218.0	5866218.0	12.9399995803833	38	14.460000038146973	37	1	1	/lus/flare/projects/neutrinoGPU/twester/scratch/sbnd_gen2_full/reco1/000000/000000/reco1-detsim-g4-gen-8b63-0aca-23d7-0ab0.root	/lus/flare/projects/neutrinoGPU/abhat/sbnd/thomas-g4-parsl-reproduction-20260921/reco1/000000/000000/reco1-detsim-3de8-e31a-378b-40c8.root	/lus/flare/projects/neutrinoGPU/twester/scratch/sbnd_gen2_full/detsim/000000/000000/detsim-g4-gen-8b63-0aca-23d7-0ab0.root	/lus/flare/projects/neutrinoGPU/abhat/sbnd/thomas-g4-parsl-reproduction-20260921/detsim/000000/000000/detsim-3de8-e31a-378b-40c8.root
8b63-0aca-23d7-0ab0	2	1	13	10	0	0	0	0	1.3788342475891113	26	8663352.0	8663333.0	4.679999828338623	87	6.599999904632568	73	1	1	/lus/flare/projects/neutrinoGPU/twester/scratch/sbnd_gen2_full/reco1/000000/000000/reco1-detsim-g4-gen-8b63-0aca-23d7-0ab0.root	/lus/flare/projects/neutrinoGPU/abhat/sbnd/thomas-g4-parsl-reproduction-20260921/reco1/000000/000000/reco1-detsim-3de8-e31a-378b-40c8.root	/lus/flare/projects/neutrinoGPU/twester/scratch/sbnd_gen2_full/detsim/000000/000000/detsim-g4-gen-8b63-0aca-23d7-0ab0.root	/lus/flare/projects/neutrinoGPU/abhat/sbnd/thomas-g4-parsl-reproduction-20260921/detsim/000000/000000/detsim-3de8-e31a-378b-40c8.root
8b63-0aca-23d7-0ab0	3	1	13	14	1	1	1	1	0.0	0	10311502.0	10311502.0	0.0	0	0.0	0	1	1	/lus/flare/projects/neutrinoGPU/twester/scratch/sbnd_gen2_full/reco1/000000/000000/reco1-detsim-g4-gen-8b63-0aca-23d7-0ab0.root	/lus/flare/projects/neutrinoGPU/abhat/sbnd/thomas-g4-parsl-reproduction-20260921/reco1/000000/000000/reco1-detsim-3de8-e31a-378b-40c8.root	/lus/flare/projects/neutrinoGPU/twester/scratch/sbnd_gen2_full/detsim/000000/000000/detsim-g4-gen-8b63-0aca-23d7-0ab0.root	/lus/flare/projects/neutrinoGPU/abhat/sbnd/thomas-g4-parsl-reproduction-20260921/detsim/000000/000000/detsim-3de8-e31a-378b-40c8.root
8b63-0aca-23d7-0ab0	4	1	13	15	1	1	1	1	0.0	0	7070087.5	7070087.5	0.0	0	0.0	0	1	1	/lus/flare/projects/neutrinoGPU/twester/scratch/sbnd_gen2_full/reco1/000000/000000/reco1-detsim-g4-gen-8b63-0aca-23d7-0ab0.root	/lus/flare/projects/neutrinoGPU/abhat/sbnd/thomas-g4-parsl-reproduction-20260921/reco1/000000/000000/reco1-detsim-3de8-e31a-378b-40c8.root	/lus/flare/projects/neutrinoGPU/twester/scratch/sbnd_gen2_full/detsim/000000/000000/detsim-g4-gen-8b63-0aca-23d7-0ab0.root	/lus/flare/projects/neutrinoGPU/abhat/sbnd/thomas-g4-parsl-reproduction-20260921/detsim/000000/000000/detsim-3de8-e31a-378b-40c8.root
c4c4-468c-d5b6-e032	0	1	6	1	1	1	0	0	0.0	0	8514252.0	8514252.0	2.2799999713897705	54	3.440000057220459	47	1	1	/lus/flare/projects/neutrinoGPU/twester/scratch/sbnd_gen2_full/reco1/000000/000000/reco1-detsim-g4-gen-c4c4-468c-d5b6-e032.root	/lus/flare/projects/neutrinoGPU/abhat/sbnd/thomas-g4-parsl-reproduction-20260921/reco1/000000/000000/reco1-detsim-6113-76d3-e108-3c7c.root	/lus/flare/projects/neutrinoGPU/twester/scratch/sbnd_gen2_full/detsim/000000/000000/detsim-g4-gen-c4c4-468c-d5b6-e032.root	/lus/flare/projects/neutrinoGPU/abhat/sbnd/thomas-g4-parsl-reproduction-20260921/detsim/000000/000000/detsim-6113-76d3-e108-3c7c.root
c4c4-468c-d5b6-e032	1	1	6	4	1	1	1	1	0.0	0	5895272.0	5895272.0	0.0	0	0.0	0	1	1	/lus/flare/projects/neutrinoGPU/twester/scratch/sbnd_gen2_full/reco1/000000/000000/reco1-detsim-g4-gen-c4c4-468c-d5b6-e032.root	/lus/flare/projects/neutrinoGPU/abhat/sbnd/thomas-g4-parsl-reproduction-20260921/reco1/000000/000000/reco1-detsim-6113-76d3-e108-3c7c.root	/lus/flare/projects/neutrinoGPU/twester/scratch/sbnd_gen2_full/detsim/000000/000000/detsim-g4-gen-c4c4-468c-d5b6-e032.root	/lus/flare/projects/neutrinoGPU/abhat/sbnd/thomas-g4-parsl-reproduction-20260921/detsim/000000/000000/detsim-6113-76d3-e108-3c7c.root
c4c4-468c-d5b6-e032	2	1	6	7	1	1	0	0	0.0	0	3077341.25	3077341.25	2.2799999713897705	99	4.039999961853027	77	1	1	/lus/flare/projects/neutrinoGPU/twester/scratch/sbnd_gen2_full/reco1/000000/000000/reco1-detsim-g4-gen-c4c4-468c-d5b6-e032.root	/lus/flare/projects/neutrinoGPU/abhat/sbnd/thomas-g4-parsl-reproduction-20260921/reco1/000000/000000/reco1-detsim-6113-76d3-e108-3c7c.root	/lus/flare/projects/neutrinoGPU/twester/scratch/sbnd_gen2_full/detsim/000000/000000/detsim-g4-gen-c4c4-468c-d5b6-e032.root	/lus/flare/projects/neutrinoGPU/abhat/sbnd/thomas-g4-parsl-reproduction-20260921/detsim/000000/000000/detsim-6113-76d3-e108-3c7c.root
c4c4-468c-d5b6-e032	3	1	6	12	1	1	0	0	0.0	0	4002092.0	4002092.0	5.78000020980835	142	10.420000076293945	131	1	1	/lus/flare/projects/neutrinoGPU/twester/scratch/sbnd_gen2_full/reco1/000000/000000/reco1-detsim-g4-gen-c4c4-468c-d5b6-e032.root	/lus/flare/projects/neutrinoGPU/abhat/sbnd/thomas-g4-parsl-reproduction-20260921/reco1/000000/000000/reco1-detsim-6113-76d3-e108-3c7c.root	/lus/flare/projects/neutrinoGPU/twester/scratch/sbnd_gen2_full/detsim/000000/000000/detsim-g4-gen-c4c4-468c-d5b6-e032.root	/lus/flare/projects/neutrinoGPU/abhat/sbnd/thomas-g4-parsl-reproduction-20260921/detsim/000000/000000/detsim-6113-76d3-e108-3c7c.root
a964-b5d5-bad6-e3ac	0	1	12	1	1	1	1	1	0.0	0	6652780.0	6652780.0	0.0	0	0.0	0	1	1	/lus/flare/projects/neutrinoGPU/twester/scratch/sbnd_gen2_full/reco1/000000/000000/reco1-detsim-g4-gen-a964-b5d5-bad6-e3ac.root	/lus/flare/projects/neutrinoGPU/abhat/sbnd/thomas-g4-parsl-reproduction-20260921/reco1/000000/000000/reco1-detsim-61ad-2a02-0247-556b.root	/lus/flare/projects/neutrinoGPU/twester/scratch/sbnd_gen2_full/detsim/000000/000000/detsim-g4-gen-a964-b5d5-bad6-e3ac.root	/lus/flare/projects/neutrinoGPU/abhat/sbnd/thomas-g4-parsl-reproduction-20260921/detsim/000000/000000/detsim-61ad-2a02-0247-556b.root
a964-b5d5-bad6-e3ac	1	1	12	10	0	0	1	1	1.4910656213760376	37	11363288.0	11363278.0	0.0	0	0.0	0	1	1	/lus/flare/projects/neutrinoGPU/twester/scratch/sbnd_gen2_full/reco1/000000/000000/reco1-detsim-g4-gen-a964-b5d5-bad6-e3ac.root	/lus/flare/projects/neutrinoGPU/abhat/sbnd/thomas-g4-parsl-reproduction-20260921/reco1/000000/000000/reco1-detsim-61ad-2a02-0247-556b.root	/lus/flare/projects/neutrinoGPU/twester/scratch/sbnd_gen2_full/detsim/000000/000000/detsim-g4-gen-a964-b5d5-bad6-e3ac.root	/lus/flare/projects/neutrinoGPU/abhat/sbnd/thomas-g4-parsl-reproduction-20260921/detsim/000000/000000/detsim-61ad-2a02-0247-556b.root
a964-b5d5-bad6-e3ac	2	1	12	11	1	1	1	1	0.0	0	3807171.0	3807171.0	0.0	0	0.0	0	1	1	/lus/flare/projects/neutrinoGPU/twester/scratch/sbnd_gen2_full/reco1/000000/000000/reco1-detsim-g4-gen-a964-b5d5-bad6-e3ac.root	/lus/flare/projects/neutrinoGPU/abhat/sbnd/thomas-g4-parsl-reproduction-20260921/reco1/000000/000000/reco1-detsim-61ad-2a02-0247-556b.root	/lus/flare/projects/neutrinoGPU/twester/scratch/sbnd_gen2_full/detsim/000000/000000/detsim-g4-gen-a964-b5d5-bad6-e3ac.root	/lus/flare/projects/neutrinoGPU/abhat/sbnd/thomas-g4-parsl-reproduction-20260921/detsim/000000/000000/detsim-61ad-2a02-0247-556b.root
1846-ed4b-b660-a83f	0	1	14	3	1	1	1	1	0.0	0	15136020.0	15136020.0	0.0	0	0.0	0	1	1	/lus/flare/projects/neutrinoGPU/twester/scratch/sbnd_gen2_full/reco1/000000/000000/reco1-detsim-g4-gen-1846-ed4b-b660-a83f.root	/lus/flare/projects/neutrinoGPU/abhat/sbnd/thomas-g4-parsl-reproduction-20260921/reco1/000000/000000/reco1-detsim-66d5-9216-a392-de9a.root	/lus/flare/projects/neutrinoGPU/twester/scratch/sbnd_gen2_full/detsim/000000/000000/detsim-g4-gen-1846-ed4b-b660-a83f.root	/lus/flare/projects/neutrinoGPU/abhat/sbnd/thomas-g4-parsl-reproduction-20260921/detsim/000000/000000/detsim-66d5-9216-a392-de9a.root
1846-ed4b-b660-a83f	1	1	14	12	1	1	0	0	0.0	0	2433914.5	2433914.5	16.260000228881836	85	19.360000610351562	83	1	1	/lus/flare/projects/neutrinoGPU/twester/scratch/sbnd_gen2_full/reco1/000000/000000/reco1-detsim-g4-gen-1846-ed4b-b660-a83f.root	/lus/flare/projects/neutrinoGPU/abhat/sbnd/thomas-g4-parsl-reproduction-20260921/reco1/000000/000000/reco1-detsim-66d5-9216-a392-de9a.root	/lus/flare/projects/neutrinoGPU/twester/scratch/sbnd_gen2_full/detsim/000000/000000/detsim-g4-gen-1846-ed4b-b660-a83f.root	/lus/flare/projects/neutrinoGPU/abhat/sbnd/thomas-g4-parsl-reproduction-20260921/detsim/000000/000000/detsim-66d5-9216-a392-de9a.root
1846-ed4b-b660-a83f	2	1	14	15	1	1	1	1	0.0	0	9003900.0	9003900.0	0.0	0	0.0	0	1	1	/lus/flare/projects/neutrinoGPU/twester/scratch/sbnd_gen2_full/reco1/000000/000000/reco1-detsim-g4-gen-1846-ed4b-b660-a83f.root	/lus/flare/projects/neutrinoGPU/abhat/sbnd/thomas-g4-parsl-reproduction-20260921/reco1/000000/000000/reco1-detsim-66d5-9216-a392-de9a.root	/lus/flare/projects/neutrinoGPU/twester/scratch/sbnd_gen2_full/detsim/000000/000000/detsim-g4-gen-1846-ed4b-b660-a83f.root	/lus/flare/projects/neutrinoGPU/abhat/sbnd/thomas-g4-parsl-reproduction-20260921/detsim/000000/000000/detsim-66d5-9216-a392-de9a.root
5bae-dbac-c685-fc52	0	1	15	2	1	1	0	0	0.0	0	5426584.0	5426584.0	8.460000038146973	358	11.4399995803833	301	1	1	/lus/flare/projects/neutrinoGPU/twester/scratch/sbnd_gen2_full/reco1/000000/000000/reco1-detsim-g4-gen-5bae-dbac-c685-fc52.root	/lus/flare/projects/neutrinoGPU/abhat/sbnd/thomas-g4-parsl-reproduction-20260921/reco1/000000/000000/reco1-detsim-6f1b-13a6-85c6-0a49.root	/lus/flare/projects/neutrinoGPU/twester/scratch/sbnd_gen2_full/detsim/000000/000000/detsim-g4-gen-5bae-dbac-c685-fc52.root	/lus/flare/projects/neutrinoGPU/abhat/sbnd/thomas-g4-parsl-reproduction-20260921/detsim/000000/000000/detsim-6f1b-13a6-85c6-0a49.root
5bae-dbac-c685-fc52	1	1	15	3	1	1	0	0	0.0	0	12708851.0	12708851.0	14.579999923706055	69	17.31999969482422	67	1	1	/lus/flare/projects/neutrinoGPU/twester/scratch/sbnd_gen2_full/reco1/000000/000000/reco1-detsim-g4-gen-5bae-dbac-c685-fc52.root	/lus/flare/projects/neutrinoGPU/abhat/sbnd/thomas-g4-parsl-reproduction-20260921/reco1/000000/000000/reco1-detsim-6f1b-13a6-85c6-0a49.root	/lus/flare/projects/neutrinoGPU/twester/scratch/sbnd_gen2_full/detsim/000000/000000/detsim-g4-gen-5bae-dbac-c685-fc52.root	/lus/flare/projects/neutrinoGPU/abhat/sbnd/thomas-g4-parsl-reproduction-20260921/detsim/000000/000000/detsim-6f1b-13a6-85c6-0a49.root
5bae-dbac-c685-fc52	2	1	15	11	1	1	0	0	0.0	0	7475763.5	7475763.5	13.859999656677246	206	18.579999923706055	176	1	1	/lus/flare/projects/neutrinoGPU/twester/scratch/sbnd_gen2_full/reco1/000000/000000/reco1-detsim-g4-gen-5bae-dbac-c685-fc52.root	/lus/flare/projects/neutrinoGPU/abhat/sbnd/thomas-g4-parsl-reproduction-20260921/reco1/000000/000000/reco1-detsim-6f1b-13a6-85c6-0a49.root	/lus/flare/projects/neutrinoGPU/twester/scratch/sbnd_gen2_full/detsim/000000/000000/detsim-g4-gen-5bae-dbac-c685-fc52.root	/lus/flare/projects/neutrinoGPU/abhat/sbnd/thomas-g4-parsl-reproduction-20260921/detsim/000000/000000/detsim-6f1b-13a6-85c6-0a49.root
5bae-dbac-c685-fc52	3	1	15	15	1	1	0	0	0.0	0	364303.34375	364303.34375	15.4399995803833	187	17.34000015258789	186	1	1	/lus/flare/projects/neutrinoGPU/twester/scratch/sbnd_gen2_full/reco1/000000/000000/reco1-detsim-g4-gen-5bae-dbac-c685-fc52.root	/lus/flare/projects/neutrinoGPU/abhat/sbnd/thomas-g4-parsl-reproduction-20260921/reco1/000000/000000/reco1-detsim-6f1b-13a6-85c6-0a49.root	/lus/flare/projects/neutrinoGPU/twester/scratch/sbnd_gen2_full/detsim/000000/000000/detsim-g4-gen-5bae-dbac-c685-fc52.root	/lus/flare/projects/neutrinoGPU/abhat/sbnd/thomas-g4-parsl-reproduction-20260921/detsim/000000/000000/detsim-6f1b-13a6-85c6-0a49.root
0d52-3071-98aa-b25d	0	1	4	1	1	1	1	1	0.0	0	7877123.0	7877123.0	0.0	0	0.0	0	1	1	/lus/flare/projects/neutrinoGPU/twester/scratch/sbnd_gen2_full/reco1/000000/000000/reco1-detsim-g4-gen-0d52-3071-98aa-b25d.root	/lus/flare/projects/neutrinoGPU/abhat/sbnd/thomas-g4-parsl-reproduction-20260921/reco1/000000/000000/reco1-detsim-79f5-2f5d-e962-0cd2.root	/lus/flare/projects/neutrinoGPU/twester/scratch/sbnd_gen2_full/detsim/000000/000000/detsim-g4-gen-0d52-3071-98aa-b25d.root	/lus/flare/projects/neutrinoGPU/abhat/sbnd/thomas-g4-parsl-reproduction-20260921/detsim/000000/000000/detsim-79f5-2f5d-e962-0cd2.root
0d52-3071-98aa-b25d	1	1	4	9	1	1	1	1	0.0	0	4656971.5	4656971.5	0.0	0	0.0	0	1	1	/lus/flare/projects/neutrinoGPU/twester/scratch/sbnd_gen2_full/reco1/000000/000000/reco1-detsim-g4-gen-0d52-3071-98aa-b25d.root	/lus/flare/projects/neutrinoGPU/abhat/sbnd/thomas-g4-parsl-reproduction-20260921/reco1/000000/000000/reco1-detsim-79f5-2f5d-e962-0cd2.root	/lus/flare/projects/neutrinoGPU/twester/scratch/sbnd_gen2_full/detsim/000000/000000/detsim-g4-gen-0d52-3071-98aa-b25d.root	/lus/flare/projects/neutrinoGPU/abhat/sbnd/thomas-g4-parsl-reproduction-20260921/detsim/000000/000000/detsim-79f5-2f5d-e962-0cd2.root
0d52-3071-98aa-b25d	2	1	4	11	1	1	1	1	0.0	0	7881579.0	7881579.0	0.0	0	0.0	0	1	1	/lus/flare/projects/neutrinoGPU/twester/scratch/sbnd_gen2_full/reco1/000000/000000/reco1-detsim-g4-gen-0d52-3071-98aa-b25d.root	/lus/flare/projects/neutrinoGPU/abhat/sbnd/thomas-g4-parsl-reproduction-20260921/reco1/000000/000000/reco1-detsim-79f5-2f5d-e962-0cd2.root	/lus/flare/projects/neutrinoGPU/twester/scratch/sbnd_gen2_full/detsim/000000/000000/detsim-g4-gen-0d52-3071-98aa-b25d.root	/lus/flare/projects/neutrinoGPU/abhat/sbnd/thomas-g4-parsl-reproduction-20260921/detsim/000000/000000/detsim-79f5-2f5d-e962-0cd2.root
04cb-888a-ffaf-5808	0	1	9	2	1	1	0	0	0.0	0	6039918.0	6039918.0	2.380000114440918	116	3.9000000953674316	99	1	1	/lus/flare/projects/neutrinoGPU/twester/scratch/sbnd_gen2_full/reco1/000000/000000/reco1-detsim-g4-gen-04cb-888a-ffaf-5808.root	/lus/flare/projects/neutrinoGPU/abhat/sbnd/thomas-g4-parsl-reproduction-20260921/reco1/000000/000000/reco1-detsim-915f-0edc-5b3a-8c09.root	/lus/flare/projects/neutrinoGPU/twester/scratch/sbnd_gen2_full/detsim/000000/000000/detsim-g4-gen-04cb-888a-ffaf-5808.root	/lus/flare/projects/neutrinoGPU/abhat/sbnd/thomas-g4-parsl-reproduction-20260921/detsim/000000/000000/detsim-915f-0edc-5b3a-8c09.root
04cb-888a-ffaf-5808	1	1	9	4	1	1	1	1	0.0	0	10329080.0	10329080.0	0.0	0	0.0	0	1	1	/lus/flare/projects/neutrinoGPU/twester/scratch/sbnd_gen2_full/reco1/000000/000000/reco1-detsim-g4-gen-04cb-888a-ffaf-5808.root	/lus/flare/projects/neutrinoGPU/abhat/sbnd/thomas-g4-parsl-reproduction-20260921/reco1/000000/000000/reco1-detsim-915f-0edc-5b3a-8c09.root	/lus/flare/projects/neutrinoGPU/twester/scratch/sbnd_gen2_full/detsim/000000/000000/detsim-g4-gen-04cb-888a-ffaf-5808.root	/lus/flare/projects/neutrinoGPU/abhat/sbnd/thomas-g4-parsl-reproduction-20260921/detsim/000000/000000/detsim-915f-0edc-5b3a-8c09.root
04cb-888a-ffaf-5808	2	1	9	5	1	1	1	1	0.0	0	7046010.0	7046010.0	0.0	0	0.0	0	1	1	/lus/flare/projects/neutrinoGPU/twester/scratch/sbnd_gen2_full/reco1/000000/000000/reco1-detsim-g4-gen-04cb-888a-ffaf-5808.root	/lus/flare/projects/neutrinoGPU/abhat/sbnd/thomas-g4-parsl-reproduction-20260921/reco1/000000/000000/reco1-detsim-915f-0edc-5b3a-8c09.root	/lus/flare/projects/neutrinoGPU/twester/scratch/sbnd_gen2_full/detsim/000000/000000/detsim-g4-gen-04cb-888a-ffaf-5808.root	/lus/flare/projects/neutrinoGPU/abhat/sbnd/thomas-g4-parsl-reproduction-20260921/detsim/000000/000000/detsim-915f-0edc-5b3a-8c09.root
04cb-888a-ffaf-5808	3	1	9	10	1	1	1	1	0.0	0	3371430.5	3371430.5	0.0	0	0.0	0	1	1	/lus/flare/projects/neutrinoGPU/twester/scratch/sbnd_gen2_full/reco1/000000/000000/reco1-detsim-g4-gen-04cb-888a-ffaf-5808.root	/lus/flare/projects/neutrinoGPU/abhat/sbnd/thomas-g4-parsl-reproduction-20260921/reco1/000000/000000/reco1-detsim-915f-0edc-5b3a-8c09.root	/lus/flare/projects/neutrinoGPU/twester/scratch/sbnd_gen2_full/detsim/000000/000000/detsim-g4-gen-04cb-888a-ffaf-5808.root	/lus/flare/projects/neutrinoGPU/abhat/sbnd/thomas-g4-parsl-reproduction-20260921/detsim/000000/000000/detsim-915f-0edc-5b3a-8c09.root
04cb-888a-ffaf-5808	4	1	9	11	1	1	0	0	0.0	0	2866306.5	2866306.5	2.859999895095825	77	7.079999923706055	79	1	1	/lus/flare/projects/neutrinoGPU/twester/scratch/sbnd_gen2_full/reco1/000000/000000/reco1-detsim-g4-gen-04cb-888a-ffaf-5808.root	/lus/flare/projects/neutrinoGPU/abhat/sbnd/thomas-g4-parsl-reproduction-20260921/reco1/000000/000000/reco1-detsim-915f-0edc-5b3a-8c09.root	/lus/flare/projects/neutrinoGPU/twester/scratch/sbnd_gen2_full/detsim/000000/000000/detsim-g4-gen-04cb-888a-ffaf-5808.root	/lus/flare/projects/neutrinoGPU/abhat/sbnd/thomas-g4-parsl-reproduction-20260921/detsim/000000/000000/detsim-915f-0edc-5b3a-8c09.root
04cb-888a-ffaf-5808	5	1	9	12	1	1	1	1	0.0	0	6977106.0	6977106.0	0.0	0	0.0	0	1	1	/lus/flare/projects/neutrinoGPU/twester/scratch/sbnd_gen2_full/reco1/000000/000000/reco1-detsim-g4-gen-04cb-888a-ffaf-5808.root	/lus/flare/projects/neutrinoGPU/abhat/sbnd/thomas-g4-parsl-reproduction-20260921/reco1/000000/000000/reco1-detsim-915f-0edc-5b3a-8c09.root	/lus/flare/projects/neutrinoGPU/twester/scratch/sbnd_gen2_full/detsim/000000/000000/detsim-g4-gen-04cb-888a-ffaf-5808.root	/lus/flare/projects/neutrinoGPU/abhat/sbnd/thomas-g4-parsl-reproduction-20260921/detsim/000000/000000/detsim-915f-0edc-5b3a-8c09.root
04cb-888a-ffaf-5808	6	1	9	13	1	1	0	0	0.0	0	9697991.0	9697991.0	18.299999237060547	195	20.600000381469727	193	1	1	/lus/flare/projects/neutrinoGPU/twester/scratch/sbnd_gen2_full/reco1/000000/000000/reco1-detsim-g4-gen-04cb-888a-ffaf-5808.root	/lus/flare/projects/neutrinoGPU/abhat/sbnd/thomas-g4-parsl-reproduction-20260921/reco1/000000/000000/reco1-detsim-915f-0edc-5b3a-8c09.root	/lus/flare/projects/neutrinoGPU/twester/scratch/sbnd_gen2_full/detsim/000000/000000/detsim-g4-gen-04cb-888a-ffaf-5808.root	/lus/flare/projects/neutrinoGPU/abhat/sbnd/thomas-g4-parsl-reproduction-20260921/detsim/000000/000000/detsim-915f-0edc-5b3a-8c09.root
04cb-888a-ffaf-5808	7	1	9	14	0	0	0	0	1.893178105354309	105	4968439.0	4968434.5	14.680000305175781	319	19.600000381469727	313	1	1	/lus/flare/projects/neutrinoGPU/twester/scratch/sbnd_gen2_full/reco1/000000/000000/reco1-detsim-g4-gen-04cb-888a-ffaf-5808.root	/lus/flare/projects/neutrinoGPU/abhat/sbnd/thomas-g4-parsl-reproduction-20260921/reco1/000000/000000/reco1-detsim-915f-0edc-5b3a-8c09.root	/lus/flare/projects/neutrinoGPU/twester/scratch/sbnd_gen2_full/detsim/000000/000000/detsim-g4-gen-04cb-888a-ffaf-5808.root	/lus/flare/projects/neutrinoGPU/abhat/sbnd/thomas-g4-parsl-reproduction-20260921/detsim/000000/000000/detsim-915f-0edc-5b3a-8c09.root
04cb-888a-ffaf-5808	8	1	9	15	0	0	0	0	0.0513458251953125	26	8938158.0	8938157.0	13.720000267028809	41	15.640000343322754	41	1	1	/lus/flare/projects/neutrinoGPU/twester/scratch/sbnd_gen2_full/reco1/000000/000000/reco1-detsim-g4-gen-04cb-888a-ffaf-5808.root	/lus/flare/projects/neutrinoGPU/abhat/sbnd/thomas-g4-parsl-reproduction-20260921/reco1/000000/000000/reco1-detsim-915f-0edc-5b3a-8c09.root	/lus/flare/projects/neutrinoGPU/twester/scratch/sbnd_gen2_full/detsim/000000/000000/detsim-g4-gen-04cb-888a-ffaf-5808.root	/lus/flare/projects/neutrinoGPU/abhat/sbnd/thomas-g4-parsl-reproduction-20260921/detsim/000000/000000/detsim-915f-0edc-5b3a-8c09.root
18ed-55fe-aa14-04ee	0	1	5	6	1	1	0	0	0.0	0	10655788.0	10655788.0	7.5	215	11.739999771118164	191	1	1	/lus/flare/projects/neutrinoGPU/twester/scratch/sbnd_gen2_full/reco1/000000/000000/reco1-detsim-g4-gen-18ed-55fe-aa14-04ee.root	/lus/flare/projects/neutrinoGPU/abhat/sbnd/thomas-g4-parsl-reproduction-20260921/reco1/000000/000000/reco1-detsim-9ce2-28f9-3052-92be.root	/lus/flare/projects/neutrinoGPU/twester/scratch/sbnd_gen2_full/detsim/000000/000000/detsim-g4-gen-18ed-55fe-aa14-04ee.root	/lus/flare/projects/neutrinoGPU/abhat/sbnd/thomas-g4-parsl-reproduction-20260921/detsim/000000/000000/detsim-9ce2-28f9-3052-92be.root
18ed-55fe-aa14-04ee	1	1	5	9	1	1	1	1	0.0	0	3089114.0	3089114.0	0.0	0	0.0	0	1	1	/lus/flare/projects/neutrinoGPU/twester/scratch/sbnd_gen2_full/reco1/000000/000000/reco1-detsim-g4-gen-18ed-55fe-aa14-04ee.root	/lus/flare/projects/neutrinoGPU/abhat/sbnd/thomas-g4-parsl-reproduction-20260921/reco1/000000/000000/reco1-detsim-9ce2-28f9-3052-92be.root	/lus/flare/projects/neutrinoGPU/twester/scratch/sbnd_gen2_full/detsim/000000/000000/detsim-g4-gen-18ed-55fe-aa14-04ee.root	/lus/flare/projects/neutrinoGPU/abhat/sbnd/thomas-g4-parsl-reproduction-20260921/detsim/000000/000000/detsim-9ce2-28f9-3052-92be.root
18ed-55fe-aa14-04ee	2	1	5	10	1	1	1	1	0.0	0	6922671.0	6922671.0	0.0	0	0.0	0	1	1	/lus/flare/projects/neutrinoGPU/twester/scratch/sbnd_gen2_full/reco1/000000/000000/reco1-detsim-g4-gen-18ed-55fe-aa14-04ee.root	/lus/flare/projects/neutrinoGPU/abhat/sbnd/thomas-g4-parsl-reproduction-20260921/reco1/000000/000000/reco1-detsim-9ce2-28f9-3052-92be.root	/lus/flare/projects/neutrinoGPU/twester/scratch/sbnd_gen2_full/detsim/000000/000000/detsim-g4-gen-18ed-55fe-aa14-04ee.root	/lus/flare/projects/neutrinoGPU/abhat/sbnd/thomas-g4-parsl-reproduction-20260921/detsim/000000/000000/detsim-9ce2-28f9-3052-92be.root
18ed-55fe-aa14-04ee	3	1	5	13	1	1	1	1	0.0	0	6205353.0	6205353.0	0.0	0	0.0	0	1	1	/lus/flare/projects/neutrinoGPU/twester/scratch/sbnd_gen2_full/reco1/000000/000000/reco1-detsim-g4-gen-18ed-55fe-aa14-04ee.root	/lus/flare/projects/neutrinoGPU/abhat/sbnd/thomas-g4-parsl-reproduction-20260921/reco1/000000/000000/reco1-detsim-9ce2-28f9-3052-92be.root	/lus/flare/projects/neutrinoGPU/twester/scratch/sbnd_gen2_full/detsim/000000/000000/detsim-g4-gen-18ed-55fe-aa14-04ee.root	/lus/flare/projects/neutrinoGPU/abhat/sbnd/thomas-g4-parsl-reproduction-20260921/detsim/000000/000000/detsim-9ce2-28f9-3052-92be.root
18ed-55fe-aa14-04ee	4	1	5	14	1	1	0	0	0.0	0	9385021.0	9385021.0	1.2400000095367432	50	1.5799999237060547	37	1	1	/lus/flare/projects/neutrinoGPU/twester/scratch/sbnd_gen2_full/reco1/000000/000000/reco1-detsim-g4-gen-18ed-55fe-aa14-04ee.root	/lus/flare/projects/neutrinoGPU/abhat/sbnd/thomas-g4-parsl-reproduction-20260921/reco1/000000/000000/reco1-detsim-9ce2-28f9-3052-92be.root	/lus/flare/projects/neutrinoGPU/twester/scratch/sbnd_gen2_full/detsim/000000/000000/detsim-g4-gen-18ed-55fe-aa14-04ee.root	/lus/flare/projects/neutrinoGPU/abhat/sbnd/thomas-g4-parsl-reproduction-20260921/detsim/000000/000000/detsim-9ce2-28f9-3052-92be.root
199e-ec8c-cfaf-a30e	0	1	19	3	1	1	0	0	0.0	0	12010774.0	12010774.0	12.819999694824219	42	13.739999771118164	37	1	1	/lus/flare/projects/neutrinoGPU/twester/scratch/sbnd_gen2_full/reco1/000000/000000/reco1-detsim-g4-gen-199e-ec8c-cfaf-a30e.root	/lus/flare/projects/neutrinoGPU/abhat/sbnd/thomas-g4-parsl-reproduction-20260921/reco1/000000/000000/reco1-detsim-a341-b33e-3d08-f115.root	/lus/flare/projects/neutrinoGPU/twester/scratch/sbnd_gen2_full/detsim/000000/000000/detsim-g4-gen-199e-ec8c-cfaf-a30e.root	/lus/flare/projects/neutrinoGPU/abhat/sbnd/thomas-g4-parsl-reproduction-20260921/detsim/000000/000000/detsim-a341-b33e-3d08-f115.root
199e-ec8c-cfaf-a30e	1	1	19	5	1	1	1	1	0.0	0	4924623.5	4924623.5	0.0	0	0.0	0	1	1	/lus/flare/projects/neutrinoGPU/twester/scratch/sbnd_gen2_full/reco1/000000/000000/reco1-detsim-g4-gen-199e-ec8c-cfaf-a30e.root	/lus/flare/projects/neutrinoGPU/abhat/sbnd/thomas-g4-parsl-reproduction-20260921/reco1/000000/000000/reco1-detsim-a341-b33e-3d08-f115.root	/lus/flare/projects/neutrinoGPU/twester/scratch/sbnd_gen2_full/detsim/000000/000000/detsim-g4-gen-199e-ec8c-cfaf-a30e.root	/lus/flare/projects/neutrinoGPU/abhat/sbnd/thomas-g4-parsl-reproduction-20260921/detsim/000000/000000/detsim-a341-b33e-3d08-f115.root
199e-ec8c-cfaf-a30e	2	1	19	8	0	0	0	0	2.8375067710876465	125	7182780.5	7182709.0	3.0	246	5.699999809265137	193	1	1	/lus/flare/projects/neutrinoGPU/twester/scratch/sbnd_gen2_full/reco1/000000/000000/reco1-detsim-g4-gen-199e-ec8c-cfaf-a30e.root	/lus/flare/projects/neutrinoGPU/abhat/sbnd/thomas-g4-parsl-reproduction-20260921/reco1/000000/000000/reco1-detsim-a341-b33e-3d08-f115.root	/lus/flare/projects/neutrinoGPU/twester/scratch/sbnd_gen2_full/detsim/000000/000000/detsim-g4-gen-199e-ec8c-cfaf-a30e.root	/lus/flare/projects/neutrinoGPU/abhat/sbnd/thomas-g4-parsl-reproduction-20260921/detsim/000000/000000/detsim-a341-b33e-3d08-f115.root
199e-ec8c-cfaf-a30e	3	1	19	9	1	1	0	0	0.0	0	3721602.5	3721602.5	17.34000015258789	126	20.1200008392334	126	1	1	/lus/flare/projects/neutrinoGPU/twester/scratch/sbnd_gen2_full/reco1/000000/000000/reco1-detsim-g4-gen-199e-ec8c-cfaf-a30e.root	/lus/flare/projects/neutrinoGPU/abhat/sbnd/thomas-g4-parsl-reproduction-20260921/reco1/000000/000000/reco1-detsim-a341-b33e-3d08-f115.root	/lus/flare/projects/neutrinoGPU/twester/scratch/sbnd_gen2_full/detsim/000000/000000/detsim-g4-gen-199e-ec8c-cfaf-a30e.root	/lus/flare/projects/neutrinoGPU/abhat/sbnd/thomas-g4-parsl-reproduction-20260921/detsim/000000/000000/detsim-a341-b33e-3d08-f115.root
199e-ec8c-cfaf-a30e	4	1	19	10	1	1	1	1	0.0	0	12322261.0	12322261.0	0.0	0	0.0	0	1	1	/lus/flare/projects/neutrinoGPU/twester/scratch/sbnd_gen2_full/reco1/000000/000000/reco1-detsim-g4-gen-199e-ec8c-cfaf-a30e.root	/lus/flare/projects/neutrinoGPU/abhat/sbnd/thomas-g4-parsl-reproduction-20260921/reco1/000000/000000/reco1-detsim-a341-b33e-3d08-f115.root	/lus/flare/projects/neutrinoGPU/twester/scratch/sbnd_gen2_full/detsim/000000/000000/detsim-g4-gen-199e-ec8c-cfaf-a30e.root	/lus/flare/projects/neutrinoGPU/abhat/sbnd/thomas-g4-parsl-reproduction-20260921/detsim/000000/000000/detsim-a341-b33e-3d08-f115.root
199e-ec8c-cfaf-a30e	5	1	19	15	1	1	1	1	0.0	0	9156758.0	9156758.0	0.0	0	0.0	0	1	1	/lus/flare/projects/neutrinoGPU/twester/scratch/sbnd_gen2_full/reco1/000000/000000/reco1-detsim-g4-gen-199e-ec8c-cfaf-a30e.root	/lus/flare/projects/neutrinoGPU/abhat/sbnd/thomas-g4-parsl-reproduction-20260921/reco1/000000/000000/reco1-detsim-a341-b33e-3d08-f115.root	/lus/flare/projects/neutrinoGPU/twester/scratch/sbnd_gen2_full/detsim/000000/000000/detsim-g4-gen-199e-ec8c-cfaf-a30e.root	/lus/flare/projects/neutrinoGPU/abhat/sbnd/thomas-g4-parsl-reproduction-20260921/detsim/000000/000000/detsim-a341-b33e-3d08-f115.root
4f85-52bc-5313-6d4b	0	1	11	12	1	1	1	1	0.0	0	3247757.5	3247757.5	0.0	0	0.0	0	1	1	/lus/flare/projects/neutrinoGPU/twester/scratch/sbnd_gen2_full/reco1/000000/000000/reco1-detsim-g4-gen-4f85-52bc-5313-6d4b.root	/lus/flare/projects/neutrinoGPU/abhat/sbnd/thomas-g4-parsl-reproduction-20260921/reco1/000000/000000/reco1-detsim-cb93-8c7b-6697-bd24.root	/lus/flare/projects/neutrinoGPU/twester/scratch/sbnd_gen2_full/detsim/000000/000000/detsim-g4-gen-4f85-52bc-5313-6d4b.root	/lus/flare/projects/neutrinoGPU/abhat/sbnd/thomas-g4-parsl-reproduction-20260921/detsim/000000/000000/detsim-cb93-8c7b-6697-bd24.root
4f85-52bc-5313-6d4b	1	1	11	14	1	1	0	0	0.0	0	6692554.0	6692554.0	11.779999732971191	62	18.540000915527344	54	1	1	/lus/flare/projects/neutrinoGPU/twester/scratch/sbnd_gen2_full/reco1/000000/000000/reco1-detsim-g4-gen-4f85-52bc-5313-6d4b.root	/lus/flare/projects/neutrinoGPU/abhat/sbnd/thomas-g4-parsl-reproduction-20260921/reco1/000000/000000/reco1-detsim-cb93-8c7b-6697-bd24.root	/lus/flare/projects/neutrinoGPU/twester/scratch/sbnd_gen2_full/detsim/000000/000000/detsim-g4-gen-4f85-52bc-5313-6d4b.root	/lus/flare/projects/neutrinoGPU/abhat/sbnd/thomas-g4-parsl-reproduction-20260921/detsim/000000/000000/detsim-cb93-8c7b-6697-bd24.root
006f-92f1-9cdf-bb8c	0	1	16	1	1	1	0	0	0.0	0	5394134.0	5394134.0	2.319999933242798	93	3.8799996376037598	63	1	1	/lus/flare/projects/neutrinoGPU/twester/scratch/sbnd_gen2_full/reco1/000000/000000/reco1-detsim-g4-gen-006f-92f1-9cdf-bb8c.root	/lus/flare/projects/neutrinoGPU/abhat/sbnd/thomas-g4-parsl-reproduction-20260921/reco1/000000/000000/reco1-detsim-cbe9-1524-0b94-fa86.root	/lus/flare/projects/neutrinoGPU/twester/scratch/sbnd_gen2_full/detsim/000000/000000/detsim-g4-gen-006f-92f1-9cdf-bb8c.root	/lus/flare/projects/neutrinoGPU/abhat/sbnd/thomas-g4-parsl-reproduction-20260921/detsim/000000/000000/detsim-cbe9-1524-0b94-fa86.root
006f-92f1-9cdf-bb8c	1	1	16	2	0	0	1	1	2.276324510574341	33	12959644.0	12959684.0	0.0	0	0.0	0	1	1	/lus/flare/projects/neutrinoGPU/twester/scratch/sbnd_gen2_full/reco1/000000/000000/reco1-detsim-g4-gen-006f-92f1-9cdf-bb8c.root	/lus/flare/projects/neutrinoGPU/abhat/sbnd/thomas-g4-parsl-reproduction-20260921/reco1/000000/000000/reco1-detsim-cbe9-1524-0b94-fa86.root	/lus/flare/projects/neutrinoGPU/twester/scratch/sbnd_gen2_full/detsim/000000/000000/detsim-g4-gen-006f-92f1-9cdf-bb8c.root	/lus/flare/projects/neutrinoGPU/abhat/sbnd/thomas-g4-parsl-reproduction-20260921/detsim/000000/000000/detsim-cbe9-1524-0b94-fa86.root
006f-92f1-9cdf-bb8c	2	1	16	6	1	1	1	1	0.0	0	7290699.0	7290699.0	0.0	0	0.0	0	1	1	/lus/flare/projects/neutrinoGPU/twester/scratch/sbnd_gen2_full/reco1/000000/000000/reco1-detsim-g4-gen-006f-92f1-9cdf-bb8c.root	/lus/flare/projects/neutrinoGPU/abhat/sbnd/thomas-g4-parsl-reproduction-20260921/reco1/000000/000000/reco1-detsim-cbe9-1524-0b94-fa86.root	/lus/flare/projects/neutrinoGPU/twester/scratch/sbnd_gen2_full/detsim/000000/000000/detsim-g4-gen-006f-92f1-9cdf-bb8c.root	/lus/flare/projects/neutrinoGPU/abhat/sbnd/thomas-g4-parsl-reproduction-20260921/detsim/000000/000000/detsim-cbe9-1524-0b94-fa86.root
006f-92f1-9cdf-bb8c	3	1	16	10	1	1	1	1	0.0	0	7623583.5	7623583.5	0.0	0	0.0	0	1	1	/lus/flare/projects/neutrinoGPU/twester/scratch/sbnd_gen2_full/reco1/000000/000000/reco1-detsim-g4-gen-006f-92f1-9cdf-bb8c.root	/lus/flare/projects/neutrinoGPU/abhat/sbnd/thomas-g4-parsl-reproduction-20260921/reco1/000000/000000/reco1-detsim-cbe9-1524-0b94-fa86.root	/lus/flare/projects/neutrinoGPU/twester/scratch/sbnd_gen2_full/detsim/000000/000000/detsim-g4-gen-006f-92f1-9cdf-bb8c.root	/lus/flare/projects/neutrinoGPU/abhat/sbnd/thomas-g4-parsl-reproduction-20260921/detsim/000000/000000/detsim-cbe9-1524-0b94-fa86.root
006f-92f1-9cdf-bb8c	4	1	16	13	1	1	1	1	0.0	0	11780192.0	11780192.0	0.0	0	0.0	0	1	1	/lus/flare/projects/neutrinoGPU/twester/scratch/sbnd_gen2_full/reco1/000000/000000/reco1-detsim-g4-gen-006f-92f1-9cdf-bb8c.root	/lus/flare/projects/neutrinoGPU/abhat/sbnd/thomas-g4-parsl-reproduction-20260921/reco1/000000/000000/reco1-detsim-cbe9-1524-0b94-fa86.root	/lus/flare/projects/neutrinoGPU/twester/scratch/sbnd_gen2_full/detsim/000000/000000/detsim-g4-gen-006f-92f1-9cdf-bb8c.root	/lus/flare/projects/neutrinoGPU/abhat/sbnd/thomas-g4-parsl-reproduction-20260921/detsim/000000/000000/detsim-cbe9-1524-0b94-fa86.root
1726-908d-e4eb-b537	0	1	0	1	1	1	1	1	0.0	0	7350577.0	7350577.0	0.0	0	0.0	0	1	1	/lus/flare/projects/neutrinoGPU/twester/scratch/sbnd_gen2_full/reco1/000000/000000/reco1-detsim-g4-gen-1726-908d-e4eb-b537.root	/lus/flare/projects/neutrinoGPU/abhat/sbnd/thomas-g4-parsl-reproduction-20260921/reco1/000000/000000/reco1-detsim-e24d-b298-374f-a860.root	/lus/flare/projects/neutrinoGPU/twester/scratch/sbnd_gen2_full/detsim/000000/000000/detsim-g4-gen-1726-908d-e4eb-b537.root	/lus/flare/projects/neutrinoGPU/abhat/sbnd/thomas-g4-parsl-reproduction-20260921/detsim/000000/000000/detsim-e24d-b298-374f-a860.root
1726-908d-e4eb-b537	1	1	0	2	1	1	0	0	0.0	0	5856932.5	5856932.5	21.0	122	23.420000076293945	121	1	1	/lus/flare/projects/neutrinoGPU/twester/scratch/sbnd_gen2_full/reco1/000000/000000/reco1-detsim-g4-gen-1726-908d-e4eb-b537.root	/lus/flare/projects/neutrinoGPU/abhat/sbnd/thomas-g4-parsl-reproduction-20260921/reco1/000000/000000/reco1-detsim-e24d-b298-374f-a860.root	/lus/flare/projects/neutrinoGPU/twester/scratch/sbnd_gen2_full/detsim/000000/000000/detsim-g4-gen-1726-908d-e4eb-b537.root	/lus/flare/projects/neutrinoGPU/abhat/sbnd/thomas-g4-parsl-reproduction-20260921/detsim/000000/000000/detsim-e24d-b298-374f-a860.root
1726-908d-e4eb-b537	2	1	0	6	1	1	1	1	0.0	0	11742012.0	11742012.0	0.0	0	0.0	0	1	1	/lus/flare/projects/neutrinoGPU/twester/scratch/sbnd_gen2_full/reco1/000000/000000/reco1-detsim-g4-gen-1726-908d-e4eb-b537.root	/lus/flare/projects/neutrinoGPU/abhat/sbnd/thomas-g4-parsl-reproduction-20260921/reco1/000000/000000/reco1-detsim-e24d-b298-374f-a860.root	/lus/flare/projects/neutrinoGPU/twester/scratch/sbnd_gen2_full/detsim/000000/000000/detsim-g4-gen-1726-908d-e4eb-b537.root	/lus/flare/projects/neutrinoGPU/abhat/sbnd/thomas-g4-parsl-reproduction-20260921/detsim/000000/000000/detsim-e24d-b298-374f-a860.root
1726-908d-e4eb-b537	3	1	0	7	1	1	1	1	0.0	0	6756294.0	6756294.0	0.0	0	0.0	0	1	1	/lus/flare/projects/neutrinoGPU/twester/scratch/sbnd_gen2_full/reco1/000000/000000/reco1-detsim-g4-gen-1726-908d-e4eb-b537.root	/lus/flare/projects/neutrinoGPU/abhat/sbnd/thomas-g4-parsl-reproduction-20260921/reco1/000000/000000/reco1-detsim-e24d-b298-374f-a860.root	/lus/flare/projects/neutrinoGPU/twester/scratch/sbnd_gen2_full/detsim/000000/000000/detsim-g4-gen-1726-908d-e4eb-b537.root	/lus/flare/projects/neutrinoGPU/abhat/sbnd/thomas-g4-parsl-reproduction-20260921/detsim/000000/000000/detsim-e24d-b298-374f-a860.root
1726-908d-e4eb-b537	4	1	0	9	1	1	1	1	0.0	0	8086278.5	8086278.5	0.0	0	0.0	0	1	1	/lus/flare/projects/neutrinoGPU/twester/scratch/sbnd_gen2_full/reco1/000000/000000/reco1-detsim-g4-gen-1726-908d-e4eb-b537.root	/lus/flare/projects/neutrinoGPU/abhat/sbnd/thomas-g4-parsl-reproduction-20260921/reco1/000000/000000/reco1-detsim-e24d-b298-374f-a860.root	/lus/flare/projects/neutrinoGPU/twester/scratch/sbnd_gen2_full/detsim/000000/000000/detsim-g4-gen-1726-908d-e4eb-b537.root	/lus/flare/projects/neutrinoGPU/abhat/sbnd/thomas-g4-parsl-reproduction-20260921/detsim/000000/000000/detsim-e24d-b298-374f-a860.root
1726-908d-e4eb-b537	5	1	0	10	1	1	1	1	0.0	0	7513497.0	7513497.0	0.0	0	0.0	0	1	1	/lus/flare/projects/neutrinoGPU/twester/scratch/sbnd_gen2_full/reco1/000000/000000/reco1-detsim-g4-gen-1726-908d-e4eb-b537.root	/lus/flare/projects/neutrinoGPU/abhat/sbnd/thomas-g4-parsl-reproduction-20260921/reco1/000000/000000/reco1-detsim-e24d-b298-374f-a860.root	/lus/flare/projects/neutrinoGPU/twester/scratch/sbnd_gen2_full/detsim/000000/000000/detsim-g4-gen-1726-908d-e4eb-b537.root	/lus/flare/projects/neutrinoGPU/abhat/sbnd/thomas-g4-parsl-reproduction-20260921/detsim/000000/000000/detsim-e24d-b298-374f-a860.root
1726-908d-e4eb-b537	6	1	0	11	0	0	0	0	4.924520492553711	65	6664617.0	6664629.0	6.960000038146973	176	9.640000343322754	162	1	1	/lus/flare/projects/neutrinoGPU/twester/scratch/sbnd_gen2_full/reco1/000000/000000/reco1-detsim-g4-gen-1726-908d-e4eb-b537.root	/lus/flare/projects/neutrinoGPU/abhat/sbnd/thomas-g4-parsl-reproduction-20260921/reco1/000000/000000/reco1-detsim-e24d-b298-374f-a860.root	/lus/flare/projects/neutrinoGPU/twester/scratch/sbnd_gen2_full/detsim/000000/000000/detsim-g4-gen-1726-908d-e4eb-b537.root	/lus/flare/projects/neutrinoGPU/abhat/sbnd/thomas-g4-parsl-reproduction-20260921/detsim/000000/000000/detsim-e24d-b298-374f-a860.root
a580-6d02-29fd-d041	0	1	18	1	1	1	1	1	0.0	0	7781471.0	7781471.0	0.0	0	0.0	0	1	1	/lus/flare/projects/neutrinoGPU/twester/scratch/sbnd_gen2_full/reco1/000000/000000/reco1-detsim-g4-gen-a580-6d02-29fd-d041.root	/lus/flare/projects/neutrinoGPU/abhat/sbnd/thomas-g4-parsl-reproduction-20260921/reco1/000000/000000/reco1-detsim-e9fe-b219-3a5c-3f27.root	/lus/flare/projects/neutrinoGPU/twester/scratch/sbnd_gen2_full/detsim/000000/000000/detsim-g4-gen-a580-6d02-29fd-d041.root	/lus/flare/projects/neutrinoGPU/abhat/sbnd/thomas-g4-parsl-reproduction-20260921/detsim/000000/000000/detsim-e9fe-b219-3a5c-3f27.root
17b2-7a19-0173-eaa0	0	1	1	1	1	1	1	1	0.0	0	8780542.0	8780542.0	0.0	0	0.0	0	1	1	/lus/flare/projects/neutrinoGPU/twester/scratch/sbnd_gen2_full/reco1/000000/000000/reco1-detsim-g4-gen-17b2-7a19-0173-eaa0.root	/lus/flare/projects/neutrinoGPU/abhat/sbnd/thomas-g4-parsl-reproduction-20260921/reco1/000000/000000/reco1-detsim-ef7a-afec-17aa-6281.root	/lus/flare/projects/neutrinoGPU/twester/scratch/sbnd_gen2_full/detsim/000000/000000/detsim-g4-gen-17b2-7a19-0173-eaa0.root	/lus/flare/projects/neutrinoGPU/abhat/sbnd/thomas-g4-parsl-reproduction-20260921/detsim/000000/000000/detsim-ef7a-afec-17aa-6281.root
17b2-7a19-0173-eaa0	1	1	1	2	1	1	1	1	0.0	0	17653298.0	17653298.0	0.0	0	0.0	0	1	1	/lus/flare/projects/neutrinoGPU/twester/scratch/sbnd_gen2_full/reco1/000000/000000/reco1-detsim-g4-gen-17b2-7a19-0173-eaa0.root	/lus/flare/projects/neutrinoGPU/abhat/sbnd/thomas-g4-parsl-reproduction-20260921/reco1/000000/000000/reco1-detsim-ef7a-afec-17aa-6281.root	/lus/flare/projects/neutrinoGPU/twester/scratch/sbnd_gen2_full/detsim/000000/000000/detsim-g4-gen-17b2-7a19-0173-eaa0.root	/lus/flare/projects/neutrinoGPU/abhat/sbnd/thomas-g4-parsl-reproduction-20260921/detsim/000000/000000/detsim-ef7a-afec-17aa-6281.root
17b2-7a19-0173-eaa0	2	1	1	3	1	1	1	1	0.0	0	5384669.5	5384669.5	0.0	0	0.0	0	1	1	/lus/flare/projects/neutrinoGPU/twester/scratch/sbnd_gen2_full/reco1/000000/000000/reco1-detsim-g4-gen-17b2-7a19-0173-eaa0.root	/lus/flare/projects/neutrinoGPU/abhat/sbnd/thomas-g4-parsl-reproduction-20260921/reco1/000000/000000/reco1-detsim-ef7a-afec-17aa-6281.root	/lus/flare/projects/neutrinoGPU/twester/scratch/sbnd_gen2_full/detsim/000000/000000/detsim-g4-gen-17b2-7a19-0173-eaa0.root	/lus/flare/projects/neutrinoGPU/abhat/sbnd/thomas-g4-parsl-reproduction-20260921/detsim/000000/000000/detsim-ef7a-afec-17aa-6281.root
17b2-7a19-0173-eaa0	3	1	1	8	1	1	0	0	0.0	0	9991136.0	9991136.0	9.020000457763672	383	10.420000076293945	322	1	1	/lus/flare/projects/neutrinoGPU/twester/scratch/sbnd_gen2_full/reco1/000000/000000/reco1-detsim-g4-gen-17b2-7a19-0173-eaa0.root	/lus/flare/projects/neutrinoGPU/abhat/sbnd/thomas-g4-parsl-reproduction-20260921/reco1/000000/000000/reco1-detsim-ef7a-afec-17aa-6281.root	/lus/flare/projects/neutrinoGPU/twester/scratch/sbnd_gen2_full/detsim/000000/000000/detsim-g4-gen-17b2-7a19-0173-eaa0.root	/lus/flare/projects/neutrinoGPU/abhat/sbnd/thomas-g4-parsl-reproduction-20260921/detsim/000000/000000/detsim-ef7a-afec-17aa-6281.root
17b2-7a19-0173-eaa0	4	1	1	15	1	1	0	0	0.0	0	7302697.5	7302697.5	5.039999961853027	85	5.980000019073486	77	1	1	/lus/flare/projects/neutrinoGPU/twester/scratch/sbnd_gen2_full/reco1/000000/000000/reco1-detsim-g4-gen-17b2-7a19-0173-eaa0.root	/lus/flare/projects/neutrinoGPU/abhat/sbnd/thomas-g4-parsl-reproduction-20260921/reco1/000000/000000/reco1-detsim-ef7a-afec-17aa-6281.root	/lus/flare/projects/neutrinoGPU/twester/scratch/sbnd_gen2_full/detsim/000000/000000/detsim-g4-gen-17b2-7a19-0173-eaa0.root	/lus/flare/projects/neutrinoGPU/abhat/sbnd/thomas-g4-parsl-reproduction-20260921/detsim/000000/000000/detsim-ef7a-afec-17aa-6281.root
1e25-2b5b-7a6e-7dbb	0	1	7	3	0	0	1	1	8.22054672241211	71	16536507.0	16536350.0	0.0	0	0.0	0	1	1	/lus/flare/projects/neutrinoGPU/twester/scratch/sbnd_gen2_full/reco1/000000/000000/reco1-detsim-g4-gen-1e25-2b5b-7a6e-7dbb.root	/lus/flare/projects/neutrinoGPU/abhat/sbnd/thomas-g4-parsl-reproduction-20260921/reco1/000000/000000/reco1-detsim-fbfd-f0e5-594c-3030.root	/lus/flare/projects/neutrinoGPU/twester/scratch/sbnd_gen2_full/detsim/000000/000000/detsim-g4-gen-1e25-2b5b-7a6e-7dbb.root	/lus/flare/projects/neutrinoGPU/abhat/sbnd/thomas-g4-parsl-reproduction-20260921/detsim/000000/000000/detsim-fbfd-f0e5-594c-3030.root
1e25-2b5b-7a6e-7dbb	1	1	7	8	1	1	1	1	0.0	0	8241188.0	8241188.0	0.0	0	0.0	0	1	1	/lus/flare/projects/neutrinoGPU/twester/scratch/sbnd_gen2_full/reco1/000000/000000/reco1-detsim-g4-gen-1e25-2b5b-7a6e-7dbb.root	/lus/flare/projects/neutrinoGPU/abhat/sbnd/thomas-g4-parsl-reproduction-20260921/reco1/000000/000000/reco1-detsim-fbfd-f0e5-594c-3030.root	/lus/flare/projects/neutrinoGPU/twester/scratch/sbnd_gen2_full/detsim/000000/000000/detsim-g4-gen-1e25-2b5b-7a6e-7dbb.root	/lus/flare/projects/neutrinoGPU/abhat/sbnd/thomas-g4-parsl-reproduction-20260921/detsim/000000/000000/detsim-fbfd-f0e5-594c-3030.root
1e25-2b5b-7a6e-7dbb	2	1	7	11	1	1	1	1	0.0	0	12003817.0	12003817.0	0.0	0	0.0	0	1	1	/lus/flare/projects/neutrinoGPU/twester/scratch/sbnd_gen2_full/reco1/000000/000000/reco1-detsim-g4-gen-1e25-2b5b-7a6e-7dbb.root	/lus/flare/projects/neutrinoGPU/abhat/sbnd/thomas-g4-parsl-reproduction-20260921/reco1/000000/000000/reco1-detsim-fbfd-f0e5-594c-3030.root	/lus/flare/projects/neutrinoGPU/twester/scratch/sbnd_gen2_full/detsim/000000/000000/detsim-g4-gen-1e25-2b5b-7a6e-7dbb.root	/lus/flare/projects/neutrinoGPU/abhat/sbnd/thomas-g4-parsl-reproduction-20260921/detsim/000000/000000/detsim-fbfd-f0e5-594c-3030.root
1e25-2b5b-7a6e-7dbb	3	1	7	13	1	1	1	1	0.0	0	10737196.0	10737196.0	0.0	0	0.0	0	1	1	/lus/flare/projects/neutrinoGPU/twester/scratch/sbnd_gen2_full/reco1/000000/000000/reco1-detsim-g4-gen-1e25-2b5b-7a6e-7dbb.root	/lus/flare/projects/neutrinoGPU/abhat/sbnd/thomas-g4-parsl-reproduction-20260921/reco1/000000/000000/reco1-detsim-fbfd-f0e5-594c-3030.root	/lus/flare/projects/neutrinoGPU/twester/scratch/sbnd_gen2_full/detsim/000000/000000/detsim-g4-gen-1e25-2b5b-7a6e-7dbb.root	/lus/flare/projects/neutrinoGPU/abhat/sbnd/thomas-g4-parsl-reproduction-20260921/detsim/000000/000000/detsim-fbfd-f0e5-594c-3030.root
