uuid	entry	run	subrun	event	dnnsp_class	gauss_class	wiener_class	Thomas-Avinay1_dnnsp_same	Thomas-Avinay1_dnnsp_maxabs	Thomas-Avinay1_dnnsp_ndiff	Thomas-Avinay1_dnnsp_nchan	Thomas-Avinay1_dnnsp_nroi	Thomas-Avinay1_dnnsp_nval	Thomas-Avinay1_gauss_same	Thomas-Avinay1_gauss_maxabs	Thomas-Avinay1_gauss_ndiff	Thomas-Avinay1_gauss_nchan	Thomas-Avinay1_gauss_nroi	Thomas-Avinay1_gauss_nval	Thomas-Avinay1_wiener_same	Thomas-Avinay1_wiener_maxabs	Thomas-Avinay1_wiener_ndiff	Thomas-Avinay1_wiener_nchan	Thomas-Avinay1_wiener_nroi	Thomas-Avinay1_wiener_nval	Thomas-Avinay2_dnnsp_same	Thomas-Avinay2_dnnsp_maxabs	Thomas-Avinay2_dnnsp_ndiff	Thomas-Avinay2_dnnsp_nchan	Thomas-Avinay2_dnnsp_nroi	Thomas-Avinay2_dnnsp_nval	Thomas-Avinay2_gauss_same	Thomas-Avinay2_gauss_maxabs	Thomas-Avinay2_gauss_ndiff	Thomas-Avinay2_gauss_nchan	Thomas-Avinay2_gauss_nroi	Thomas-Avinay2_gauss_nval	Thomas-Avinay2_wiener_same	Thomas-Avinay2_wiener_maxabs	Thomas-Avinay2_wiener_ndiff	Thomas-Avinay2_wiener_nchan	Thomas-Avinay2_wiener_nroi	Thomas-Avinay2_wiener_nval	Avinay1-Avinay2_dnnsp_same	Avinay1-Avinay2_dnnsp_maxabs	Avinay1-Avinay2_dnnsp_ndiff	Avinay1-Avinay2_dnnsp_nchan	Avinay1-Avinay2_dnnsp_nroi	Avinay1-Avinay2_dnnsp_nval	Avinay1-Avinay2_gauss_same	Avinay1-Avinay2_gauss_maxabs	Avinay1-Avinay2_gauss_ndiff	Avinay1-Avinay2_gauss_nchan	Avinay1-Avinay2_gauss_nroi	Avinay1-Avinay2_gauss_nval	Avinay1-Avinay2_wiener_same	Avinay1-Avinay2_wiener_maxabs	Avinay1-Avinay2_wiener_ndiff	Avinay1-Avinay2_wiener_nchan	Avinay1-Avinay2_wiener_nroi	Avinay1-Avinay2_wiener_nval	Thomas_dnnsp_nz	Avinay1_dnnsp_nz	Avinay2_dnnsp_nz	Avinay2_passthrough	Thomas_reco1	Thomas_detsim	Avinay1_reco1	Avinay1_detsim	Avinay2_reco1	Avinay2_detsim
006f-92f1-9cdf-bb8c	0	1	16	1	all_same	all_differ	all_differ	1	0.0	0	0	0	0	0	2.319999933242798	93	4	4	0	0	3.8799996376037598	63	4	3	1	1	0.0	0	0	0	0	0	2.319999933242798	61	3	3	0	0	3.8799996376037598	37	3	2	1	1	0.0	0	0	0	0	0	0.46000000834465027	32	1	1	0	0	1.4199999570846558	26	1	1	0	259321	259321	259321	1	/lus/flare/projects/neutrinoGPU/twester/scratch/sbnd_gen2_full/reco1/000000/000000/reco1-detsim-g4-gen-006f-92f1-9cdf-bb8c.root	/lus/flare/projects/neutrinoGPU/twester/scratch/sbnd_gen2_full/detsim/000000/000000/detsim-g4-gen-006f-92f1-9cdf-bb8c.root	/lus/flare/projects/neutrinoGPU/abhat/sbnd/thomas-g4-parsl-reproduction-20260921/reco1/000000/000000/reco1-detsim-cbe9-1524-0b94-fa86.root	/lus/flare/projects/neutrinoGPU/abhat/sbnd/thomas-g4-parsl-reproduction-20260921/detsim/000000/000000/detsim-cbe9-1524-0b94-fa86.root	/lus/flare/projects/neutrinoGPU/abhat/sbnd/thomas-g4-parsl-rerun-20260924/reco1/000000/000000/reco1-detsim-79e0-b05f-da5b-3c93.root	/lus/flare/projects/neutrinoGPU/abhat/sbnd/thomas-g4-parsl-rerun-20260924/detsim/000000/000000/detsim-79e0-b05f-da5b-3c93.root
006f-92f1-9cdf-bb8c	1	1	16	2	T=A2!=A1	all_same	all_same	0	2.276324510574341	33	1	1	0	1	0.0	0	0	0	0	1	0.0	0	0	0	0	1	0.0	0	0	0	0	1	0.0	0	0	0	0	1	0.0	0	0	0	0	0	2.276324510574341	33	1	1	0	1	0.0	0	0	0	0	1	0.0	0	0	0	0	515163	515168	515163	1	/lus/flare/projects/neutrinoGPU/twester/scratch/sbnd_gen2_full/reco1/000000/000000/reco1-detsim-g4-gen-006f-92f1-9cdf-bb8c.root	/lus/flare/projects/neutrinoGPU/twester/scratch/sbnd_gen2_full/detsim/000000/000000/detsim-g4-gen-006f-92f1-9cdf-bb8c.root	/lus/flare/projects/neutrinoGPU/abhat/sbnd/thomas-g4-parsl-reproduction-20260921/reco1/000000/000000/reco1-detsim-cbe9-1524-0b94-fa86.root	/lus/flare/projects/neutrinoGPU/abhat/sbnd/thomas-g4-parsl-reproduction-20260921/detsim/000000/000000/detsim-cbe9-1524-0b94-fa86.root	/lus/flare/projects/neutrinoGPU/abhat/sbnd/thomas-g4-parsl-rerun-20260924/reco1/000000/000000/reco1-detsim-79e0-b05f-da5b-3c93.root	/lus/flare/projects/neutrinoGPU/abhat/sbnd/thomas-g4-parsl-rerun-20260924/detsim/000000/000000/detsim-79e0-b05f-da5b-3c93.root
006f-92f1-9cdf-bb8c	2	1	16	6	all_same	T=A1!=A2	T=A1!=A2	1	0.0	0	0	0	0	1	0.0	0	0	0	0	1	0.0	0	0	0	0	1	0.0	0	0	0	0	0	13.680000305175781	59	1	1	0	0	18.280000686645508	59	1	1	0	1	0.0	0	0	0	0	0	13.680000305175781	59	1	1	0	0	18.280000686645508	59	1	1	0	315899	315899	315899	1	/lus/flare/projects/neutrinoGPU/twester/scratch/sbnd_gen2_full/reco1/000000/000000/reco1-detsim-g4-gen-006f-92f1-9cdf-bb8c.root	/lus/flare/projects/neutrinoGPU/twester/scratch/sbnd_gen2_full/detsim/000000/000000/detsim-g4-gen-006f-92f1-9cdf-bb8c.root	/lus/flare/projects/neutrinoGPU/abhat/sbnd/thomas-g4-parsl-reproduction-20260921/reco1/000000/000000/reco1-detsim-cbe9-1524-0b94-fa86.root	/lus/flare/projects/neutrinoGPU/abhat/sbnd/thomas-g4-parsl-reproduction-20260921/detsim/000000/000000/detsim-cbe9-1524-0b94-fa86.root	/lus/flare/projects/neutrinoGPU/abhat/sbnd/thomas-g4-parsl-rerun-20260924/reco1/000000/000000/reco1-detsim-79e0-b05f-da5b-3c93.root	/lus/flare/projects/neutrinoGPU/abhat/sbnd/thomas-g4-parsl-rerun-20260924/detsim/000000/000000/detsim-79e0-b05f-da5b-3c93.root
006f-92f1-9cdf-bb8c	3	1	16	10	all_same	all_same	all_same	1	0.0	0	0	0	0	1	0.0	0	0	0	0	1	0.0	0	0	0	0	1	0.0	0	0	0	0	1	0.0	0	0	0	0	1	0.0	0	0	0	0	1	0.0	0	0	0	0	1	0.0	0	0	0	0	1	0.0	0	0	0	0	330471	330471	330471	1	/lus/flare/projects/neutrinoGPU/twester/scratch/sbnd_gen2_full/reco1/000000/000000/reco1-detsim-g4-gen-006f-92f1-9cdf-bb8c.root	/lus/flare/projects/neutrinoGPU/twester/scratch/sbnd_gen2_full/detsim/000000/000000/detsim-g4-gen-006f-92f1-9cdf-bb8c.root	/lus/flare/projects/neutrinoGPU/abhat/sbnd/thomas-g4-parsl-reproduction-20260921/reco1/000000/000000/reco1-detsim-cbe9-1524-0b94-fa86.root	/lus/flare/projects/neutrinoGPU/abhat/sbnd/thomas-g4-parsl-reproduction-20260921/detsim/000000/000000/detsim-cbe9-1524-0b94-fa86.root	/lus/flare/projects/neutrinoGPU/abhat/sbnd/thomas-g4-parsl-rerun-20260924/reco1/000000/000000/reco1-detsim-79e0-b05f-da5b-3c93.root	/lus/flare/projects/neutrinoGPU/abhat/sbnd/thomas-g4-parsl-rerun-20260924/detsim/000000/000000/detsim-79e0-b05f-da5b-3c93.root
006f-92f1-9cdf-bb8c	4	1	16	13	all_same	all_same	all_same	1	0.0	0	0	0	0	1	0.0	0	0	0	0	1	0.0	0	0	0	0	1	0.0	0	0	0	0	1	0.0	0	0	0	0	1	0.0	0	0	0	0	1	0.0	0	0	0	0	1	0.0	0	0	0	0	1	0.0	0	0	0	0	494305	494305	494305	1	/lus/flare/projects/neutrinoGPU/twester/scratch/sbnd_gen2_full/reco1/000000/000000/reco1-detsim-g4-gen-006f-92f1-9cdf-bb8c.root	/lus/flare/projects/neutrinoGPU/twester/scratch/sbnd_gen2_full/detsim/000000/000000/detsim-g4-gen-006f-92f1-9cdf-bb8c.root	/lus/flare/projects/neutrinoGPU/abhat/sbnd/thomas-g4-parsl-reproduction-20260921/reco1/000000/000000/reco1-detsim-cbe9-1524-0b94-fa86.root	/lus/flare/projects/neutrinoGPU/abhat/sbnd/thomas-g4-parsl-reproduction-20260921/detsim/000000/000000/detsim-cbe9-1524-0b94-fa86.root	/lus/flare/projects/neutrinoGPU/abhat/sbnd/thomas-g4-parsl-rerun-20260924/reco1/000000/000000/reco1-detsim-79e0-b05f-da5b-3c93.root	/lus/flare/projects/neutrinoGPU/abhat/sbnd/thomas-g4-parsl-rerun-20260924/detsim/000000/000000/detsim-79e0-b05f-da5b-3c93.root
04cb-888a-ffaf-5808	0	1	9	2	all_same	A1=A2!=T	A1=A2!=T	1	0.0	0	0	0	0	0	2.380000114440918	116	4	4	0	0	3.9000000953674316	99	4	4	0	1	0.0	0	0	0	0	0	2.380000114440918	116	4	4	0	0	3.9000000953674316	99	4	4	0	1	0.0	0	0	0	0	1	0.0	0	0	0	0	1	0.0	0	0	0	0	268797	268797	268797	1	/lus/flare/projects/neutrinoGPU/twester/scratch/sbnd_gen2_full/reco1/000000/000000/reco1-detsim-g4-gen-04cb-888a-ffaf-5808.root	/lus/flare/projects/neutrinoGPU/twester/scratch/sbnd_gen2_full/detsim/000000/000000/detsim-g4-gen-04cb-888a-ffaf-5808.root	/lus/flare/projects/neutrinoGPU/abhat/sbnd/thomas-g4-parsl-reproduction-20260921/reco1/000000/000000/reco1-detsim-915f-0edc-5b3a-8c09.root	/lus/flare/projects/neutrinoGPU/abhat/sbnd/thomas-g4-parsl-reproduction-20260921/detsim/000000/000000/detsim-915f-0edc-5b3a-8c09.root	/lus/flare/projects/neutrinoGPU/abhat/sbnd/thomas-g4-parsl-rerun-20260924/reco1/000000/000000/reco1-detsim-cc12-8af6-ca79-73af.root	/lus/flare/projects/neutrinoGPU/abhat/sbnd/thomas-g4-parsl-rerun-20260924/detsim/000000/000000/detsim-cc12-8af6-ca79-73af.root
04cb-888a-ffaf-5808	1	1	9	4	all_same	all_same	all_same	1	0.0	0	0	0	0	1	0.0	0	0	0	0	1	0.0	0	0	0	0	1	0.0	0	0	0	0	1	0.0	0	0	0	0	1	0.0	0	0	0	0	1	0.0	0	0	0	0	1	0.0	0	0	0	0	1	0.0	0	0	0	0	405804	405804	405804	1	/lus/flare/projects/neutrinoGPU/twester/scratch/sbnd_gen2_full/reco1/000000/000000/reco1-detsim-g4-gen-04cb-888a-ffaf-5808.root	/lus/flare/projects/neutrinoGPU/twester/scratch/sbnd_gen2_full/detsim/000000/000000/detsim-g4-gen-04cb-888a-ffaf-5808.root	/lus/flare/projects/neutrinoGPU/abhat/sbnd/thomas-g4-parsl-reproduction-20260921/reco1/000000/000000/reco1-detsim-915f-0edc-5b3a-8c09.root	/lus/flare/projects/neutrinoGPU/abhat/sbnd/thomas-g4-parsl-reproduction-20260921/detsim/000000/000000/detsim-915f-0edc-5b3a-8c09.root	/lus/flare/projects/neutrinoGPU/abhat/sbnd/thomas-g4-parsl-rerun-20260924/reco1/000000/000000/reco1-detsim-cc12-8af6-ca79-73af.root	/lus/flare/projects/neutrinoGPU/abhat/sbnd/thomas-g4-parsl-rerun-20260924/detsim/000000/000000/detsim-cc12-8af6-ca79-73af.root
04cb-888a-ffaf-5808	2	1	9	5	all_same	T=A1!=A2	T=A1!=A2	1	0.0	0	0	0	0	1	0.0	0	0	0	0	1	0.0	0	0	0	0	1	0.0	0	0	0	0	0	13.15999984741211	26	1	1	0	0	17.899999618530273	22	1	1	0	1	0.0	0	0	0	0	0	13.15999984741211	26	1	1	0	0	17.899999618530273	22	1	1	0	298665	298665	298665	1	/lus/flare/projects/neutrinoGPU/twester/scratch/sbnd_gen2_full/reco1/000000/000000/reco1-detsim-g4-gen-04cb-888a-ffaf-5808.root	/lus/flare/projects/neutrinoGPU/twester/scratch/sbnd_gen2_full/detsim/000000/000000/detsim-g4-gen-04cb-888a-ffaf-5808.root	/lus/flare/projects/neutrinoGPU/abhat/sbnd/thomas-g4-parsl-reproduction-20260921/reco1/000000/000000/reco1-detsim-915f-0edc-5b3a-8c09.root	/lus/flare/projects/neutrinoGPU/abhat/sbnd/thomas-g4-parsl-reproduction-20260921/detsim/000000/000000/detsim-915f-0edc-5b3a-8c09.root	/lus/flare/projects/neutrinoGPU/abhat/sbnd/thomas-g4-parsl-rerun-20260924/reco1/000000/000000/reco1-detsim-cc12-8af6-ca79-73af.root	/lus/flare/projects/neutrinoGPU/abhat/sbnd/thomas-g4-parsl-rerun-20260924/detsim/000000/000000/detsim-cc12-8af6-ca79-73af.root
04cb-888a-ffaf-5808	3	1	9	10	all_same	all_same	all_same	1	0.0	0	0	0	0	1	0.0	0	0	0	0	1	0.0	0	0	0	0	1	0.0	0	0	0	0	1	0.0	0	0	0	0	1	0.0	0	0	0	0	1	0.0	0	0	0	0	1	0.0	0	0	0	0	1	0.0	0	0	0	0	176468	176468	176468	1	/lus/flare/projects/neutrinoGPU/twester/scratch/sbnd_gen2_full/reco1/000000/000000/reco1-detsim-g4-gen-04cb-888a-ffaf-5808.root	/lus/flare/projects/neutrinoGPU/twester/scratch/sbnd_gen2_full/detsim/000000/000000/detsim-g4-gen-04cb-888a-ffaf-5808.root	/lus/flare/projects/neutrinoGPU/abhat/sbnd/thomas-g4-parsl-reproduction-20260921/reco1/000000/000000/reco1-detsim-915f-0edc-5b3a-8c09.root	/lus/flare/projects/neutrinoGPU/abhat/sbnd/thomas-g4-parsl-reproduction-20260921/detsim/000000/000000/detsim-915f-0edc-5b3a-8c09.root	/lus/flare/projects/neutrinoGPU/abhat/sbnd/thomas-g4-parsl-rerun-20260924/reco1/000000/000000/reco1-detsim-cc12-8af6-ca79-73af.root	/lus/flare/projects/neutrinoGPU/abhat/sbnd/thomas-g4-parsl-rerun-20260924/detsim/000000/000000/detsim-cc12-8af6-ca79-73af.root
04cb-888a-ffaf-5808	4	1	9	11	all_same	T=A2!=A1	T=A2!=A1	1	0.0	0	0	0	0	0	2.859999895095825	77	3	3	0	0	7.079999923706055	79	3	3	0	1	0.0	0	0	0	0	1	0.0	0	0	0	0	1	0.0	0	0	0	0	1	0.0	0	0	0	0	0	2.859999895095825	77	3	3	0	0	7.079999923706055	79	3	3	0	162674	162674	162674	1	/lus/flare/projects/neutrinoGPU/twester/scratch/sbnd_gen2_full/reco1/000000/000000/reco1-detsim-g4-gen-04cb-888a-ffaf-5808.root	/lus/flare/projects/neutrinoGPU/twester/scratch/sbnd_gen2_full/detsim/000000/000000/detsim-g4-gen-04cb-888a-ffaf-5808.root	/lus/flare/projects/neutrinoGPU/abhat/sbnd/thomas-g4-parsl-reproduction-20260921/reco1/000000/000000/reco1-detsim-915f-0edc-5b3a-8c09.root	/lus/flare/projects/neutrinoGPU/abhat/sbnd/thomas-g4-parsl-reproduction-20260921/detsim/000000/000000/detsim-915f-0edc-5b3a-8c09.root	/lus/flare/projects/neutrinoGPU/abhat/sbnd/thomas-g4-parsl-rerun-20260924/reco1/000000/000000/reco1-detsim-cc12-8af6-ca79-73af.root	/lus/flare/projects/neutrinoGPU/abhat/sbnd/thomas-g4-parsl-rerun-20260924/detsim/000000/000000/detsim-cc12-8af6-ca79-73af.root
04cb-888a-ffaf-5808	5	1	9	12	T=A1!=A2	T=A1!=A2	T=A1!=A2	1	0.0	0	0	0	0	1	0.0	0	0	0	0	1	0.0	0	0	0	0	0	0.8147427439689636	85	3	2	1	0	7.860000133514404	172	3	3	0	0	13.5	160	3	3	0	0	0.8147427439689636	85	3	2	1	0	7.860000133514404	172	3	3	0	0	13.5	160	3	3	0	311379	311379	311381	1	/lus/flare/projects/neutrinoGPU/twester/scratch/sbnd_gen2_full/reco1/000000/000000/reco1-detsim-g4-gen-04cb-888a-ffaf-5808.root	/lus/flare/projects/neutrinoGPU/twester/scratch/sbnd_gen2_full/detsim/000000/000000/detsim-g4-gen-04cb-888a-ffaf-5808.root	/lus/flare/projects/neutrinoGPU/abhat/sbnd/thomas-g4-parsl-reproduction-20260921/reco1/000000/000000/reco1-detsim-915f-0edc-5b3a-8c09.root	/lus/flare/projects/neutrinoGPU/abhat/sbnd/thomas-g4-parsl-reproduction-20260921/detsim/000000/000000/detsim-915f-0edc-5b3a-8c09.root	/lus/flare/projects/neutrinoGPU/abhat/sbnd/thomas-g4-parsl-rerun-20260924/reco1/000000/000000/reco1-detsim-cc12-8af6-ca79-73af.root	/lus/flare/projects/neutrinoGPU/abhat/sbnd/thomas-g4-parsl-rerun-20260924/detsim/000000/000000/detsim-cc12-8af6-ca79-73af.root
04cb-888a-ffaf-5808	6	1	9	13	T=A1!=A2	A1=A2!=T	A1=A2!=T	1	0.0	0	0	0	0	0	18.299999237060547	195	2	2	0	0	20.600000381469727	193	2	2	0	0	2.5781400203704834	139	5	5	0	0	18.299999237060547	195	2	2	0	0	20.600000381469727	193	2	2	0	0	2.5781400203704834	139	5	5	0	1	0.0	0	0	0	0	1	0.0	0	0	0	0	393833	393833	393836	1	/lus/flare/projects/neutrinoGPU/twester/scratch/sbnd_gen2_full/reco1/000000/000000/reco1-detsim-g4-gen-04cb-888a-ffaf-5808.root	/lus/flare/projects/neutrinoGPU/twester/scratch/sbnd_gen2_full/detsim/000000/000000/detsim-g4-gen-04cb-888a-ffaf-5808.root	/lus/flare/projects/neutrinoGPU/abhat/sbnd/thomas-g4-parsl-reproduction-20260921/reco1/000000/000000/reco1-detsim-915f-0edc-5b3a-8c09.root	/lus/flare/projects/neutrinoGPU/abhat/sbnd/thomas-g4-parsl-reproduction-20260921/detsim/000000/000000/detsim-915f-0edc-5b3a-8c09.root	/lus/flare/projects/neutrinoGPU/abhat/sbnd/thomas-g4-parsl-rerun-20260924/reco1/000000/000000/reco1-detsim-cc12-8af6-ca79-73af.root	/lus/flare/projects/neutrinoGPU/abhat/sbnd/thomas-g4-parsl-rerun-20260924/detsim/000000/000000/detsim-cc12-8af6-ca79-73af.root
04cb-888a-ffaf-5808	7	1	9	14	T=A2!=A1	all_differ	all_differ	0	1.893178105354309	105	5	4	1	0	14.680000305175781	319	3	3	0	0	19.600000381469727	313	3	3	0	1	0.0	0	0	0	0	0	0.8799999952316284	34	1	1	0	0	1.0199999809265137	28	1	1	0	0	1.893178105354309	105	5	4	1	0	14.680000305175781	353	4	4	0	0	19.600000381469727	341	4	4	0	236244	236242	236244	1	/lus/flare/projects/neutrinoGPU/twester/scratch/sbnd_gen2_full/reco1/000000/000000/reco1-detsim-g4-gen-04cb-888a-ffaf-5808.root	/lus/flare/projects/neutrinoGPU/twester/scratch/sbnd_gen2_full/detsim/000000/000000/detsim-g4-gen-04cb-888a-ffaf-5808.root	/lus/flare/projects/neutrinoGPU/abhat/sbnd/thomas-g4-parsl-reproduction-20260921/reco1/000000/000000/reco1-detsim-915f-0edc-5b3a-8c09.root	/lus/flare/projects/neutrinoGPU/abhat/sbnd/thomas-g4-parsl-reproduction-20260921/detsim/000000/000000/detsim-915f-0edc-5b3a-8c09.root	/lus/flare/projects/neutrinoGPU/abhat/sbnd/thomas-g4-parsl-rerun-20260924/reco1/000000/000000/reco1-detsim-cc12-8af6-ca79-73af.root	/lus/flare/projects/neutrinoGPU/abhat/sbnd/thomas-g4-parsl-rerun-20260924/detsim/000000/000000/detsim-cc12-8af6-ca79-73af.root
04cb-888a-ffaf-5808	8	1	9	15	T=A2!=A1	T=A2!=A1	T=A2!=A1	0	0.0513458251953125	26	1	0	1	0	13.720000267028809	41	1	1	0	0	15.640000343322754	41	1	1	0	1	0.0	0	0	0	0	1	0.0	0	0	0	0	1	0.0	0	0	0	0	0	0.0513458251953125	26	1	0	1	0	13.720000267028809	41	1	1	0	0	15.640000343322754	41	1	1	0	358933	358933	358933	1	/lus/flare/projects/neutrinoGPU/twester/scratch/sbnd_gen2_full/reco1/000000/000000/reco1-detsim-g4-gen-04cb-888a-ffaf-5808.root	/lus/flare/projects/neutrinoGPU/twester/scratch/sbnd_gen2_full/detsim/000000/000000/detsim-g4-gen-04cb-888a-ffaf-5808.root	/lus/flare/projects/neutrinoGPU/abhat/sbnd/thomas-g4-parsl-reproduction-20260921/reco1/000000/000000/reco1-detsim-915f-0edc-5b3a-8c09.root	/lus/flare/projects/neutrinoGPU/abhat/sbnd/thomas-g4-parsl-reproduction-20260921/detsim/000000/000000/detsim-915f-0edc-5b3a-8c09.root	/lus/flare/projects/neutrinoGPU/abhat/sbnd/thomas-g4-parsl-rerun-20260924/reco1/000000/000000/reco1-detsim-cc12-8af6-ca79-73af.root	/lus/flare/projects/neutrinoGPU/abhat/sbnd/thomas-g4-parsl-rerun-20260924/detsim/000000/000000/detsim-cc12-8af6-ca79-73af.root
0d52-3071-98aa-b25d	0	1	4	1	all_same	T=A1!=A2	T=A1!=A2	1	0.0	0	0	0	0	1	0.0	0	0	0	0	1	0.0	0	0	0	0	1	0.0	0	0	0	0	0	2.859999895095825	85	3	2	1	0	8.079999923706055	79	3	3	0	1	0.0	0	0	0	0	0	2.859999895095825	85	3	2	1	0	8.079999923706055	79	3	3	0	341558	341558	341558	1	/lus/flare/projects/neutrinoGPU/twester/scratch/sbnd_gen2_full/reco1/000000/000000/reco1-detsim-g4-gen-0d52-3071-98aa-b25d.root	/lus/flare/projects/neutrinoGPU/twester/scratch/sbnd_gen2_full/detsim/000000/000000/detsim-g4-gen-0d52-3071-98aa-b25d.root	/lus/flare/projects/neutrinoGPU/abhat/sbnd/thomas-g4-parsl-reproduction-20260921/reco1/000000/000000/reco1-detsim-79f5-2f5d-e962-0cd2.root	/lus/flare/projects/neutrinoGPU/abhat/sbnd/thomas-g4-parsl-reproduction-20260921/detsim/000000/000000/detsim-79f5-2f5d-e962-0cd2.root	/lus/flare/projects/neutrinoGPU/abhat/sbnd/thomas-g4-parsl-rerun-20260924/reco1/000000/000000/reco1-detsim-c3fa-15ea-2844-966b.root	/lus/flare/projects/neutrinoGPU/abhat/sbnd/thomas-g4-parsl-rerun-20260924/detsim/000000/000000/detsim-c3fa-15ea-2844-966b.root
0d52-3071-98aa-b25d	1	1	4	9	all_same	all_same	all_same	1	0.0	0	0	0	0	1	0.0	0	0	0	0	1	0.0	0	0	0	0	1	0.0	0	0	0	0	1	0.0	0	0	0	0	1	0.0	0	0	0	0	1	0.0	0	0	0	0	1	0.0	0	0	0	0	1	0.0	0	0	0	0	177236	177236	177236	1	/lus/flare/projects/neutrinoGPU/twester/scratch/sbnd_gen2_full/reco1/000000/000000/reco1-detsim-g4-gen-0d52-3071-98aa-b25d.root	/lus/flare/projects/neutrinoGPU/twester/scratch/sbnd_gen2_full/detsim/000000/000000/detsim-g4-gen-0d52-3071-98aa-b25d.root	/lus/flare/projects/neutrinoGPU/abhat/sbnd/thomas-g4-parsl-reproduction-20260921/reco1/000000/000000/reco1-detsim-79f5-2f5d-e962-0cd2.root	/lus/flare/projects/neutrinoGPU/abhat/sbnd/thomas-g4-parsl-reproduction-20260921/detsim/000000/000000/detsim-79f5-2f5d-e962-0cd2.root	/lus/flare/projects/neutrinoGPU/abhat/sbnd/thomas-g4-parsl-rerun-20260924/reco1/000000/000000/reco1-detsim-c3fa-15ea-2844-966b.root	/lus/flare/projects/neutrinoGPU/abhat/sbnd/thomas-g4-parsl-rerun-20260924/detsim/000000/000000/detsim-c3fa-15ea-2844-966b.root
0d52-3071-98aa-b25d	2	1	4	11	all_same	all_same	all_same	1	0.0	0	0	0	0	1	0.0	0	0	0	0	1	0.0	0	0	0	0	1	0.0	0	0	0	0	1	0.0	0	0	0	0	1	0.0	0	0	0	0	1	0.0	0	0	0	0	1	0.0	0	0	0	0	1	0.0	0	0	0	0	339811	339811	339811	1	/lus/flare/projects/neutrinoGPU/twester/scratch/sbnd_gen2_full/reco1/000000/000000/reco1-detsim-g4-gen-0d52-3071-98aa-b25d.root	/lus/flare/projects/neutrinoGPU/twester/scratch/sbnd_gen2_full/detsim/000000/000000/detsim-g4-gen-0d52-3071-98aa-b25d.root	/lus/flare/projects/neutrinoGPU/abhat/sbnd/thomas-g4-parsl-reproduction-20260921/reco1/000000/000000/reco1-detsim-79f5-2f5d-e962-0cd2.root	/lus/flare/projects/neutrinoGPU/abhat/sbnd/thomas-g4-parsl-reproduction-20260921/detsim/000000/000000/detsim-79f5-2f5d-e962-0cd2.root	/lus/flare/projects/neutrinoGPU/abhat/sbnd/thomas-g4-parsl-rerun-20260924/reco1/000000/000000/reco1-detsim-c3fa-15ea-2844-966b.root	/lus/flare/projects/neutrinoGPU/abhat/sbnd/thomas-g4-parsl-rerun-20260924/detsim/000000/000000/detsim-c3fa-15ea-2844-966b.root
1726-908d-e4eb-b537	0	1	0	1	all_same	T=A1!=A2	T=A1!=A2	1	0.0	0	0	0	0	1	0.0	0	0	0	0	1	0.0	0	0	0	0	1	0.0	0	0	0	0	0	13.859999656677246	47	1	1	0	0	15.739999771118164	47	1	1	0	1	0.0	0	0	0	0	0	13.859999656677246	47	1	1	0	0	15.739999771118164	47	1	1	0	322159	322159	322159	1	/lus/flare/projects/neutrinoGPU/twester/scratch/sbnd_gen2_full/reco1/000000/000000/reco1-detsim-g4-gen-1726-908d-e4eb-b537.root	/lus/flare/projects/neutrinoGPU/twester/scratch/sbnd_gen2_full/detsim/000000/000000/detsim-g4-gen-1726-908d-e4eb-b537.root	/lus/flare/projects/neutrinoGPU/abhat/sbnd/thomas-g4-parsl-reproduction-20260921/reco1/000000/000000/reco1-detsim-e24d-b298-374f-a860.root	/lus/flare/projects/neutrinoGPU/abhat/sbnd/thomas-g4-parsl-reproduction-20260921/detsim/000000/000000/detsim-e24d-b298-374f-a860.root	/lus/flare/projects/neutrinoGPU/abhat/sbnd/thomas-g4-parsl-rerun-20260924/reco1/000000/000000/reco1-detsim-3369-77d3-617d-5f4c.root	/lus/flare/projects/neutrinoGPU/abhat/sbnd/thomas-g4-parsl-rerun-20260924/detsim/000000/000000/detsim-3369-77d3-617d-5f4c.root
1726-908d-e4eb-b537	1	1	0	2	T=A1!=A2	all_differ	all_differ	1	0.0	0	0	0	0	0	21.0	122	1	1	0	0	23.420000076293945	121	1	1	0	0	2.68839955329895	54	6	6	0	0	21.0	222	4	4	0	0	23.420000076293945	206	4	4	0	0	2.68839955329895	54	6	6	0	0	4.039999961853027	100	3	3	0	0	6.5	85	3	3	0	262540	262540	262558	1	/lus/flare/projects/neutrinoGPU/twester/scratch/sbnd_gen2_full/reco1/000000/000000/reco1-detsim-g4-gen-1726-908d-e4eb-b537.root	/lus/flare/projects/neutrinoGPU/twester/scratch/sbnd_gen2_full/detsim/000000/000000/detsim-g4-gen-1726-908d-e4eb-b537.root	/lus/flare/projects/neutrinoGPU/abhat/sbnd/thomas-g4-parsl-reproduction-20260921/reco1/000000/000000/reco1-detsim-e24d-b298-374f-a860.root	/lus/flare/projects/neutrinoGPU/abhat/sbnd/thomas-g4-parsl-reproduction-20260921/detsim/000000/000000/detsim-e24d-b298-374f-a860.root	/lus/flare/projects/neutrinoGPU/abhat/sbnd/thomas-g4-parsl-rerun-20260924/reco1/000000/000000/reco1-detsim-3369-77d3-617d-5f4c.root	/lus/flare/projects/neutrinoGPU/abhat/sbnd/thomas-g4-parsl-rerun-20260924/detsim/000000/000000/detsim-3369-77d3-617d-5f4c.root
1726-908d-e4eb-b537	2	1	0	6	T=A1!=A2	T=A1!=A2	T=A1!=A2	1	0.0	0	0	0	0	1	0.0	0	0	0	0	1	0.0	0	0	0	0	0	2.048551082611084	223	5	4	1	0	4.840000152587891	80	3	3	0	0	7.860000133514404	68	3	3	0	0	2.048551082611084	223	5	4	1	0	4.840000152587891	80	3	3	0	0	7.860000133514404	68	3	3	0	488593	488593	488588	1	/lus/flare/projects/neutrinoGPU/twester/scratch/sbnd_gen2_full/reco1/000000/000000/reco1-detsim-g4-gen-1726-908d-e4eb-b537.root	/lus/flare/projects/neutrinoGPU/twester/scratch/sbnd_gen2_full/detsim/000000/000000/detsim-g4-gen-1726-908d-e4eb-b537.root	/lus/flare/projects/neutrinoGPU/abhat/sbnd/thomas-g4-parsl-reproduction-20260921/reco1/000000/000000/reco1-detsim-e24d-b298-374f-a860.root	/lus/flare/projects/neutrinoGPU/abhat/sbnd/thomas-g4-parsl-reproduction-20260921/detsim/000000/000000/detsim-e24d-b298-374f-a860.root	/lus/flare/projects/neutrinoGPU/abhat/sbnd/thomas-g4-parsl-rerun-20260924/reco1/000000/000000/reco1-detsim-3369-77d3-617d-5f4c.root	/lus/flare/projects/neutrinoGPU/abhat/sbnd/thomas-g4-parsl-rerun-20260924/detsim/000000/000000/detsim-3369-77d3-617d-5f4c.root
1726-908d-e4eb-b537	3	1	0	7	all_same	all_same	all_same	1	0.0	0	0	0	0	1	0.0	0	0	0	0	1	0.0	0	0	0	0	1	0.0	0	0	0	0	1	0.0	0	0	0	0	1	0.0	0	0	0	0	1	0.0	0	0	0	0	1	0.0	0	0	0	0	1	0.0	0	0	0	0	288470	288470	288470	1	/lus/flare/projects/neutrinoGPU/twester/scratch/sbnd_gen2_full/reco1/000000/000000/reco1-detsim-g4-gen-1726-908d-e4eb-b537.root	/lus/flare/projects/neutrinoGPU/twester/scratch/sbnd_gen2_full/detsim/000000/000000/detsim-g4-gen-1726-908d-e4eb-b537.root	/lus/flare/projects/neutrinoGPU/abhat/sbnd/thomas-g4-parsl-reproduction-20260921/reco1/000000/000000/reco1-detsim-e24d-b298-374f-a860.root	/lus/flare/projects/neutrinoGPU/abhat/sbnd/thomas-g4-parsl-reproduction-20260921/detsim/000000/000000/detsim-e24d-b298-374f-a860.root	/lus/flare/projects/neutrinoGPU/abhat/sbnd/thomas-g4-parsl-rerun-20260924/reco1/000000/000000/reco1-detsim-3369-77d3-617d-5f4c.root	/lus/flare/projects/neutrinoGPU/abhat/sbnd/thomas-g4-parsl-rerun-20260924/detsim/000000/000000/detsim-3369-77d3-617d-5f4c.root
1726-908d-e4eb-b537	4	1	0	9	all_same	all_same	all_same	1	0.0	0	0	0	0	1	0.0	0	0	0	0	1	0.0	0	0	0	0	1	0.0	0	0	0	0	1	0.0	0	0	0	0	1	0.0	0	0	0	0	1	0.0	0	0	0	0	1	0.0	0	0	0	0	1	0.0	0	0	0	0	350447	350447	350447	1	/lus/flare/projects/neutrinoGPU/twester/scratch/sbnd_gen2_full/reco1/000000/000000/reco1-detsim-g4-gen-1726-908d-e4eb-b537.root	/lus/flare/projects/neutrinoGPU/twester/scratch/sbnd_gen2_full/detsim/000000/000000/detsim-g4-gen-1726-908d-e4eb-b537.root	/lus/flare/projects/neutrinoGPU/abhat/sbnd/thomas-g4-parsl-reproduction-20260921/reco1/000000/000000/reco1-detsim-e24d-b298-374f-a860.root	/lus/flare/projects/neutrinoGPU/abhat/sbnd/thomas-g4-parsl-reproduction-20260921/detsim/000000/000000/detsim-e24d-b298-374f-a860.root	/lus/flare/projects/neutrinoGPU/abhat/sbnd/thomas-g4-parsl-rerun-20260924/reco1/000000/000000/reco1-detsim-3369-77d3-617d-5f4c.root	/lus/flare/projects/neutrinoGPU/abhat/sbnd/thomas-g4-parsl-rerun-20260924/detsim/000000/000000/detsim-3369-77d3-617d-5f4c.root
1726-908d-e4eb-b537	5	1	0	10	all_same	T=A1!=A2	T=A1!=A2	1	0.0	0	0	0	0	1	0.0	0	0	0	0	1	0.0	0	0	0	0	1	0.0	0	0	0	0	0	6.739999771118164	212	2	2	0	0	8.5600004196167	212	2	2	0	1	0.0	0	0	0	0	0	6.739999771118164	212	2	2	0	0	8.5600004196167	212	2	2	0	323099	323099	323099	1	/lus/flare/projects/neutrinoGPU/twester/scratch/sbnd_gen2_full/reco1/000000/000000/reco1-detsim-g4-gen-1726-908d-e4eb-b537.root	/lus/flare/projects/neutrinoGPU/twester/scratch/sbnd_gen2_full/detsim/000000/000000/detsim-g4-gen-1726-908d-e4eb-b537.root	/lus/flare/projects/neutrinoGPU/abhat/sbnd/thomas-g4-parsl-reproduction-20260921/reco1/000000/000000/reco1-detsim-e24d-b298-374f-a860.root	/lus/flare/projects/neutrinoGPU/abhat/sbnd/thomas-g4-parsl-reproduction-20260921/detsim/000000/000000/detsim-e24d-b298-374f-a860.root	/lus/flare/projects/neutrinoGPU/abhat/sbnd/thomas-g4-parsl-rerun-20260924/reco1/000000/000000/reco1-detsim-3369-77d3-617d-5f4c.root	/lus/flare/projects/neutrinoGPU/abhat/sbnd/thomas-g4-parsl-rerun-20260924/detsim/000000/000000/detsim-3369-77d3-617d-5f4c.root
1726-908d-e4eb-b537	6	1	0	11	A1=A2!=T	all_differ	all_differ	0	4.924520492553711	65	3	3	0	0	6.960000038146973	176	5	5	0	0	9.640000343322754	162	5	5	0	0	4.924520492553711	65	3	3	0	0	6.960000038146973	144	4	4	0	0	9.640000343322754	131	4	4	0	1	0.0	0	0	0	0	0	2.180000066757202	114	3	3	0	0	5.119999885559082	97	3	3	0	312355	312354	312354	1	/lus/flare/projects/neutrinoGPU/twester/scratch/sbnd_gen2_full/reco1/000000/000000/reco1-detsim-g4-gen-1726-908d-e4eb-b537.root	/lus/flare/projects/neutrinoGPU/twester/scratch/sbnd_gen2_full/detsim/000000/000000/detsim-g4-gen-1726-908d-e4eb-b537.root	/lus/flare/projects/neutrinoGPU/abhat/sbnd/thomas-g4-parsl-reproduction-20260921/reco1/000000/000000/reco1-detsim-e24d-b298-374f-a860.root	/lus/flare/projects/neutrinoGPU/abhat/sbnd/thomas-g4-parsl-reproduction-20260921/detsim/000000/000000/detsim-e24d-b298-374f-a860.root	/lus/flare/projects/neutrinoGPU/abhat/sbnd/thomas-g4-parsl-rerun-20260924/reco1/000000/000000/reco1-detsim-3369-77d3-617d-5f4c.root	/lus/flare/projects/neutrinoGPU/abhat/sbnd/thomas-g4-parsl-rerun-20260924/detsim/000000/000000/detsim-3369-77d3-617d-5f4c.root
17b2-7a19-0173-eaa0	0	1	1	1	all_same	T=A1!=A2	T=A1!=A2	1	0.0	0	0	0	0	1	0.0	0	0	0	0	1	0.0	0	0	0	0	1	0.0	0	0	0	0	0	2.5399999618530273	69	1	1	0	0	6.559999942779541	64	1	1	0	1	0.0	0	0	0	0	0	2.5399999618530273	69	1	1	0	0	6.559999942779541	64	1	1	0	367002	367002	367002	1	/lus/flare/projects/neutrinoGPU/twester/scratch/sbnd_gen2_full/reco1/000000/000000/reco1-detsim-g4-gen-17b2-7a19-0173-eaa0.root	/lus/flare/projects/neutrinoGPU/twester/scratch/sbnd_gen2_full/detsim/000000/000000/detsim-g4-gen-17b2-7a19-0173-eaa0.root	/lus/flare/projects/neutrinoGPU/abhat/sbnd/thomas-g4-parsl-reproduction-20260921/reco1/000000/000000/reco1-detsim-ef7a-afec-17aa-6281.root	/lus/flare/projects/neutrinoGPU/abhat/sbnd/thomas-g4-parsl-reproduction-20260921/detsim/000000/000000/detsim-ef7a-afec-17aa-6281.root	/lus/flare/projects/neutrinoGPU/abhat/sbnd/thomas-g4-parsl-rerun-20260924/reco1/000000/000000/reco1-detsim-69e5-13ee-bef6-0433.root	/lus/flare/projects/neutrinoGPU/abhat/sbnd/thomas-g4-parsl-rerun-20260924/detsim/000000/000000/detsim-69e5-13ee-bef6-0433.root
17b2-7a19-0173-eaa0	1	1	1	2	T=A1!=A2	all_same	all_same	1	0.0	0	0	0	0	1	0.0	0	0	0	0	1	0.0	0	0	0	0	0	0.30005767941474915	36	3	3	0	1	0.0	0	0	0	0	1	0.0	0	0	0	0	0	0.30005767941474915	36	3	3	0	1	0.0	0	0	0	0	1	0.0	0	0	0	0	705328	705328	705336	1	/lus/flare/projects/neutrinoGPU/twester/scratch/sbnd_gen2_full/reco1/000000/000000/reco1-detsim-g4-gen-17b2-7a19-0173-eaa0.root	/lus/flare/projects/neutrinoGPU/twester/scratch/sbnd_gen2_full/detsim/000000/000000/detsim-g4-gen-17b2-7a19-0173-eaa0.root	/lus/flare/projects/neutrinoGPU/abhat/sbnd/thomas-g4-parsl-reproduction-20260921/reco1/000000/000000/reco1-detsim-ef7a-afec-17aa-6281.root	/lus/flare/projects/neutrinoGPU/abhat/sbnd/thomas-g4-parsl-reproduction-20260921/detsim/000000/000000/detsim-ef7a-afec-17aa-6281.root	/lus/flare/projects/neutrinoGPU/abhat/sbnd/thomas-g4-parsl-rerun-20260924/reco1/000000/000000/reco1-detsim-69e5-13ee-bef6-0433.root	/lus/flare/projects/neutrinoGPU/abhat/sbnd/thomas-g4-parsl-rerun-20260924/detsim/000000/000000/detsim-69e5-13ee-bef6-0433.root
17b2-7a19-0173-eaa0	2	1	1	3	all_same	all_same	all_same	1	0.0	0	0	0	0	1	0.0	0	0	0	0	1	0.0	0	0	0	0	1	0.0	0	0	0	0	1	0.0	0	0	0	0	1	0.0	0	0	0	0	1	0.0	0	0	0	0	1	0.0	0	0	0	0	1	0.0	0	0	0	0	235099	235099	235099	1	/lus/flare/projects/neutrinoGPU/twester/scratch/sbnd_gen2_full/reco1/000000/000000/reco1-detsim-g4-gen-17b2-7a19-0173-eaa0.root	/lus/flare/projects/neutrinoGPU/twester/scratch/sbnd_gen2_full/detsim/000000/000000/detsim-g4-gen-17b2-7a19-0173-eaa0.root	/lus/flare/projects/neutrinoGPU/abhat/sbnd/thomas-g4-parsl-reproduction-20260921/reco1/000000/000000/reco1-detsim-ef7a-afec-17aa-6281.root	/lus/flare/projects/neutrinoGPU/abhat/sbnd/thomas-g4-parsl-reproduction-20260921/detsim/000000/000000/detsim-ef7a-afec-17aa-6281.root	/lus/flare/projects/neutrinoGPU/abhat/sbnd/thomas-g4-parsl-rerun-20260924/reco1/000000/000000/reco1-detsim-69e5-13ee-bef6-0433.root	/lus/flare/projects/neutrinoGPU/abhat/sbnd/thomas-g4-parsl-rerun-20260924/detsim/000000/000000/detsim-69e5-13ee-bef6-0433.root
17b2-7a19-0173-eaa0	3	1	1	8	all_same	all_differ	all_differ	1	0.0	0	0	0	0	0	9.020000457763672	383	9	8	1	0	10.420000076293945	322	9	7	2	1	0.0	0	0	0	0	0	0.30000001192092896	75	3	2	1	0	0.8199999928474426	66	3	2	1	1	0.0	0	0	0	0	0	9.020000457763672	308	6	6	0	0	10.420000076293945	256	6	5	1	417622	417622	417622	1	/lus/flare/projects/neutrinoGPU/twester/scratch/sbnd_gen2_full/reco1/000000/000000/reco1-detsim-g4-gen-17b2-7a19-0173-eaa0.root	/lus/flare/projects/neutrinoGPU/twester/scratch/sbnd_gen2_full/detsim/000000/000000/detsim-g4-gen-17b2-7a19-0173-eaa0.root	/lus/flare/projects/neutrinoGPU/abhat/sbnd/thomas-g4-parsl-reproduction-20260921/reco1/000000/000000/reco1-detsim-ef7a-afec-17aa-6281.root	/lus/flare/projects/neutrinoGPU/abhat/sbnd/thomas-g4-parsl-reproduction-20260921/detsim/000000/000000/detsim-ef7a-afec-17aa-6281.root	/lus/flare/projects/neutrinoGPU/abhat/sbnd/thomas-g4-parsl-rerun-20260924/reco1/000000/000000/reco1-detsim-69e5-13ee-bef6-0433.root	/lus/flare/projects/neutrinoGPU/abhat/sbnd/thomas-g4-parsl-rerun-20260924/detsim/000000/000000/detsim-69e5-13ee-bef6-0433.root
17b2-7a19-0173-eaa0	4	1	1	15	all_same	A1=A2!=T	A1=A2!=T	1	0.0	0	0	0	0	0	5.039999961853027	85	3	3	0	0	5.980000019073486	77	3	3	0	1	0.0	0	0	0	0	0	5.039999961853027	85	3	3	0	0	5.980000019073486	77	3	3	0	1	0.0	0	0	0	0	1	0.0	0	0	0	0	1	0.0	0	0	0	0	315809	315809	315809	1	/lus/flare/projects/neutrinoGPU/twester/scratch/sbnd_gen2_full/reco1/000000/000000/reco1-detsim-g4-gen-17b2-7a19-0173-eaa0.root	/lus/flare/projects/neutrinoGPU/twester/scratch/sbnd_gen2_full/detsim/000000/000000/detsim-g4-gen-17b2-7a19-0173-eaa0.root	/lus/flare/projects/neutrinoGPU/abhat/sbnd/thomas-g4-parsl-reproduction-20260921/reco1/000000/000000/reco1-detsim-ef7a-afec-17aa-6281.root	/lus/flare/projects/neutrinoGPU/abhat/sbnd/thomas-g4-parsl-reproduction-20260921/detsim/000000/000000/detsim-ef7a-afec-17aa-6281.root	/lus/flare/projects/neutrinoGPU/abhat/sbnd/thomas-g4-parsl-rerun-20260924/reco1/000000/000000/reco1-detsim-69e5-13ee-bef6-0433.root	/lus/flare/projects/neutrinoGPU/abhat/sbnd/thomas-g4-parsl-rerun-20260924/detsim/000000/000000/detsim-69e5-13ee-bef6-0433.root
1846-ed4b-b660-a83f	0	1	14	3	all_same	all_same	all_same	1	0.0	0	0	0	0	1	0.0	0	0	0	0	1	0.0	0	0	0	0	1	0.0	0	0	0	0	1	0.0	0	0	0	0	1	0.0	0	0	0	0	1	0.0	0	0	0	0	1	0.0	0	0	0	0	1	0.0	0	0	0	0	620223	620223	620223	1	/lus/flare/projects/neutrinoGPU/twester/scratch/sbnd_gen2_full/reco1/000000/000000/reco1-detsim-g4-gen-1846-ed4b-b660-a83f.root	/lus/flare/projects/neutrinoGPU/twester/scratch/sbnd_gen2_full/detsim/000000/000000/detsim-g4-gen-1846-ed4b-b660-a83f.root	/lus/flare/projects/neutrinoGPU/abhat/sbnd/thomas-g4-parsl-reproduction-20260921/reco1/000000/000000/reco1-detsim-66d5-9216-a392-de9a.root	/lus/flare/projects/neutrinoGPU/abhat/sbnd/thomas-g4-parsl-reproduction-20260921/detsim/000000/000000/detsim-66d5-9216-a392-de9a.root	/lus/flare/projects/neutrinoGPU/abhat/sbnd/thomas-g4-parsl-rerun-20260924/reco1/000000/000000/reco1-detsim-79f6-f87f-8c10-5897.root	/lus/flare/projects/neutrinoGPU/abhat/sbnd/thomas-g4-parsl-rerun-20260924/detsim/000000/000000/detsim-79f6-f87f-8c10-5897.root
1846-ed4b-b660-a83f	1	1	14	12	all_same	all_differ	all_differ	1	0.0	0	0	0	0	0	16.260000228881836	85	2	2	0	0	19.360000610351562	83	2	2	0	1	0.0	0	0	0	0	0	19.639999389648438	241	5	5	0	0	21.760000228881836	243	5	5	0	1	0.0	0	0	0	0	0	19.639999389648438	222	5	5	0	0	21.760000228881836	228	5	5	0	123189	123189	123189	1	/lus/flare/projects/neutrinoGPU/twester/scratch/sbnd_gen2_full/reco1/000000/000000/reco1-detsim-g4-gen-1846-ed4b-b660-a83f.root	/lus/flare/projects/neutrinoGPU/twester/scratch/sbnd_gen2_full/detsim/000000/000000/detsim-g4-gen-1846-ed4b-b660-a83f.root	/lus/flare/projects/neutrinoGPU/abhat/sbnd/thomas-g4-parsl-reproduction-20260921/reco1/000000/000000/reco1-detsim-66d5-9216-a392-de9a.root	/lus/flare/projects/neutrinoGPU/abhat/sbnd/thomas-g4-parsl-reproduction-20260921/detsim/000000/000000/detsim-66d5-9216-a392-de9a.root	/lus/flare/projects/neutrinoGPU/abhat/sbnd/thomas-g4-parsl-rerun-20260924/reco1/000000/000000/reco1-detsim-79f6-f87f-8c10-5897.root	/lus/flare/projects/neutrinoGPU/abhat/sbnd/thomas-g4-parsl-rerun-20260924/detsim/000000/000000/detsim-79f6-f87f-8c10-5897.root
1846-ed4b-b660-a83f	2	1	14	15	all_same	all_same	all_same	1	0.0	0	0	0	0	1	0.0	0	0	0	0	1	0.0	0	0	0	0	1	0.0	0	0	0	0	1	0.0	0	0	0	0	1	0.0	0	0	0	0	1	0.0	0	0	0	0	1	0.0	0	0	0	0	1	0.0	0	0	0	0	382671	382671	382671	1	/lus/flare/projects/neutrinoGPU/twester/scratch/sbnd_gen2_full/reco1/000000/000000/reco1-detsim-g4-gen-1846-ed4b-b660-a83f.root	/lus/flare/projects/neutrinoGPU/twester/scratch/sbnd_gen2_full/detsim/000000/000000/detsim-g4-gen-1846-ed4b-b660-a83f.root	/lus/flare/projects/neutrinoGPU/abhat/sbnd/thomas-g4-parsl-reproduction-20260921/reco1/000000/000000/reco1-detsim-66d5-9216-a392-de9a.root	/lus/flare/projects/neutrinoGPU/abhat/sbnd/thomas-g4-parsl-reproduction-20260921/detsim/000000/000000/detsim-66d5-9216-a392-de9a.root	/lus/flare/projects/neutrinoGPU/abhat/sbnd/thomas-g4-parsl-rerun-20260924/reco1/000000/000000/reco1-detsim-79f6-f87f-8c10-5897.root	/lus/flare/projects/neutrinoGPU/abhat/sbnd/thomas-g4-parsl-rerun-20260924/detsim/000000/000000/detsim-79f6-f87f-8c10-5897.root
18ed-55fe-aa14-04ee	0	1	5	6	all_same	all_differ	all_differ	1	0.0	0	0	0	0	0	7.5	215	6	6	0	0	11.739999771118164	191	6	6	0	1	0.0	0	0	0	0	0	7.5	153	4	4	0	0	11.739999771118164	132	4	4	0	1	0.0	0	0	0	0	0	4.78000020980835	62	2	2	0	0	10.699999809265137	59	2	2	0	420592	420592	420592	1	/lus/flare/projects/neutrinoGPU/twester/scratch/sbnd_gen2_full/reco1/000000/000000/reco1-detsim-g4-gen-18ed-55fe-aa14-04ee.root	/lus/flare/projects/neutrinoGPU/twester/scratch/sbnd_gen2_full/detsim/000000/000000/detsim-g4-gen-18ed-55fe-aa14-04ee.root	/lus/flare/projects/neutrinoGPU/abhat/sbnd/thomas-g4-parsl-reproduction-20260921/reco1/000000/000000/reco1-detsim-9ce2-28f9-3052-92be.root	/lus/flare/projects/neutrinoGPU/abhat/sbnd/thomas-g4-parsl-reproduction-20260921/detsim/000000/000000/detsim-9ce2-28f9-3052-92be.root	/lus/flare/projects/neutrinoGPU/abhat/sbnd/thomas-g4-parsl-rerun-20260924/reco1/000000/000000/reco1-detsim-218d-45b4-bc82-337c.root	/lus/flare/projects/neutrinoGPU/abhat/sbnd/thomas-g4-parsl-rerun-20260924/detsim/000000/000000/detsim-218d-45b4-bc82-337c.root
18ed-55fe-aa14-04ee	1	1	5	9	all_same	T=A1!=A2	T=A1!=A2	1	0.0	0	0	0	0	1	0.0	0	0	0	0	1	0.0	0	0	0	0	1	0.0	0	0	0	0	0	2.5	58	1	1	0	0	4.019999980926514	59	1	1	0	1	0.0	0	0	0	0	0	2.5	58	1	1	0	0	4.019999980926514	59	1	1	0	172806	172806	172806	1	/lus/flare/projects/neutrinoGPU/twester/scratch/sbnd_gen2_full/reco1/000000/000000/reco1-detsim-g4-gen-18ed-55fe-aa14-04ee.root	/lus/flare/projects/neutrinoGPU/twester/scratch/sbnd_gen2_full/detsim/000000/000000/detsim-g4-gen-18ed-55fe-aa14-04ee.root	/lus/flare/projects/neutrinoGPU/abhat/sbnd/thomas-g4-parsl-reproduction-20260921/reco1/000000/000000/reco1-detsim-9ce2-28f9-3052-92be.root	/lus/flare/projects/neutrinoGPU/abhat/sbnd/thomas-g4-parsl-reproduction-20260921/detsim/000000/000000/detsim-9ce2-28f9-3052-92be.root	/lus/flare/projects/neutrinoGPU/abhat/sbnd/thomas-g4-parsl-rerun-20260924/reco1/000000/000000/reco1-detsim-218d-45b4-bc82-337c.root	/lus/flare/projects/neutrinoGPU/abhat/sbnd/thomas-g4-parsl-rerun-20260924/detsim/000000/000000/detsim-218d-45b4-bc82-337c.root
18ed-55fe-aa14-04ee	2	1	5	10	all_same	all_same	all_same	1	0.0	0	0	0	0	1	0.0	0	0	0	0	1	0.0	0	0	0	0	1	0.0	0	0	0	0	1	0.0	0	0	0	0	1	0.0	0	0	0	0	1	0.0	0	0	0	0	1	0.0	0	0	0	0	1	0.0	0	0	0	0	293925	293925	293925	1	/lus/flare/projects/neutrinoGPU/twester/scratch/sbnd_gen2_full/reco1/000000/000000/reco1-detsim-g4-gen-18ed-55fe-aa14-04ee.root	/lus/flare/projects/neutrinoGPU/twester/scratch/sbnd_gen2_full/detsim/000000/000000/detsim-g4-gen-18ed-55fe-aa14-04ee.root	/lus/flare/projects/neutrinoGPU/abhat/sbnd/thomas-g4-parsl-reproduction-20260921/reco1/000000/000000/reco1-detsim-9ce2-28f9-3052-92be.root	/lus/flare/projects/neutrinoGPU/abhat/sbnd/thomas-g4-parsl-reproduction-20260921/detsim/000000/000000/detsim-9ce2-28f9-3052-92be.root	/lus/flare/projects/neutrinoGPU/abhat/sbnd/thomas-g4-parsl-rerun-20260924/reco1/000000/000000/reco1-detsim-218d-45b4-bc82-337c.root	/lus/flare/projects/neutrinoGPU/abhat/sbnd/thomas-g4-parsl-rerun-20260924/detsim/000000/000000/detsim-218d-45b4-bc82-337c.root
18ed-55fe-aa14-04ee	3	1	5	13	all_same	T=A1!=A2	T=A1!=A2	1	0.0	0	0	0	0	1	0.0	0	0	0	0	1	0.0	0	0	0	0	1	0.0	0	0	0	0	0	6.480000019073486	89	3	3	0	0	11.319999694824219	78	3	3	0	1	0.0	0	0	0	0	0	6.480000019073486	89	3	3	0	0	11.319999694824219	78	3	3	0	285372	285372	285372	1	/lus/flare/projects/neutrinoGPU/twester/scratch/sbnd_gen2_full/reco1/000000/000000/reco1-detsim-g4-gen-18ed-55fe-aa14-04ee.root	/lus/flare/projects/neutrinoGPU/twester/scratch/sbnd_gen2_full/detsim/000000/000000/detsim-g4-gen-18ed-55fe-aa14-04ee.root	/lus/flare/projects/neutrinoGPU/abhat/sbnd/thomas-g4-parsl-reproduction-20260921/reco1/000000/000000/reco1-detsim-9ce2-28f9-3052-92be.root	/lus/flare/projects/neutrinoGPU/abhat/sbnd/thomas-g4-parsl-reproduction-20260921/detsim/000000/000000/detsim-9ce2-28f9-3052-92be.root	/lus/flare/projects/neutrinoGPU/abhat/sbnd/thomas-g4-parsl-rerun-20260924/reco1/000000/000000/reco1-detsim-218d-45b4-bc82-337c.root	/lus/flare/projects/neutrinoGPU/abhat/sbnd/thomas-g4-parsl-rerun-20260924/detsim/000000/000000/detsim-218d-45b4-bc82-337c.root
18ed-55fe-aa14-04ee	4	1	5	14	all_same	A1=A2!=T	A1=A2!=T	1	0.0	0	0	0	0	0	1.2400000095367432	50	2	1	1	0	1.5799999237060547	37	2	2	0	1	0.0	0	0	0	0	0	1.2400000095367432	50	2	1	1	0	1.5799999237060547	37	2	2	0	1	0.0	0	0	0	0	1	0.0	0	0	0	0	1	0.0	0	0	0	0	406039	406039	406039	1	/lus/flare/projects/neutrinoGPU/twester/scratch/sbnd_gen2_full/reco1/000000/000000/reco1-detsim-g4-gen-18ed-55fe-aa14-04ee.root	/lus/flare/projects/neutrinoGPU/twester/scratch/sbnd_gen2_full/detsim/000000/000000/detsim-g4-gen-18ed-55fe-aa14-04ee.root	/lus/flare/projects/neutrinoGPU/abhat/sbnd/thomas-g4-parsl-reproduction-20260921/reco1/000000/000000/reco1-detsim-9ce2-28f9-3052-92be.root	/lus/flare/projects/neutrinoGPU/abhat/sbnd/thomas-g4-parsl-reproduction-20260921/detsim/000000/000000/detsim-9ce2-28f9-3052-92be.root	/lus/flare/projects/neutrinoGPU/abhat/sbnd/thomas-g4-parsl-rerun-20260924/reco1/000000/000000/reco1-detsim-218d-45b4-bc82-337c.root	/lus/flare/projects/neutrinoGPU/abhat/sbnd/thomas-g4-parsl-rerun-20260924/detsim/000000/000000/detsim-218d-45b4-bc82-337c.root
199e-ec8c-cfaf-a30e	0	1	19	3	all_same	all_differ	all_differ	1	0.0	0	0	0	0	0	12.819999694824219	42	1	1	0	0	13.739999771118164	37	1	1	0	1	0.0	0	0	0	0	0	0.2200000137090683	54	2	1	1	0	0.3600001335144043	41	2	1	1	1	0.0	0	0	0	0	0	12.819999694824219	96	3	2	1	0	13.739999771118164	78	3	2	1	509521	509521	509521	1	/lus/flare/projects/neutrinoGPU/twester/scratch/sbnd_gen2_full/reco1/000000/000000/reco1-detsim-g4-gen-199e-ec8c-cfaf-a30e.root	/lus/flare/projects/neutrinoGPU/twester/scratch/sbnd_gen2_full/detsim/000000/000000/detsim-g4-gen-199e-ec8c-cfaf-a30e.root	/lus/flare/projects/neutrinoGPU/abhat/sbnd/thomas-g4-parsl-reproduction-20260921/reco1/000000/000000/reco1-detsim-a341-b33e-3d08-f115.root	/lus/flare/projects/neutrinoGPU/abhat/sbnd/thomas-g4-parsl-reproduction-20260921/detsim/000000/000000/detsim-a341-b33e-3d08-f115.root	/lus/flare/projects/neutrinoGPU/abhat/sbnd/thomas-g4-parsl-rerun-20260924/reco1/000000/000000/reco1-detsim-e986-8792-1beb-4b36.root	/lus/flare/projects/neutrinoGPU/abhat/sbnd/thomas-g4-parsl-rerun-20260924/detsim/000000/000000/detsim-e986-8792-1beb-4b36.root
199e-ec8c-cfaf-a30e	1	1	19	5	all_same	T=A1!=A2	T=A1!=A2	1	0.0	0	0	0	0	1	0.0	0	0	0	0	1	0.0	0	0	0	0	1	0.0	0	0	0	0	0	6.319999694824219	115	3	3	0	0	9.380000114440918	103	3	3	0	1	0.0	0	0	0	0	0	6.319999694824219	115	3	3	0	0	9.380000114440918	103	3	3	0	219400	219400	219400	1	/lus/flare/projects/neutrinoGPU/twester/scratch/sbnd_gen2_full/reco1/000000/000000/reco1-detsim-g4-gen-199e-ec8c-cfaf-a30e.root	/lus/flare/projects/neutrinoGPU/twester/scratch/sbnd_gen2_full/detsim/000000/000000/detsim-g4-gen-199e-ec8c-cfaf-a30e.root	/lus/flare/projects/neutrinoGPU/abhat/sbnd/thomas-g4-parsl-reproduction-20260921/reco1/000000/000000/reco1-detsim-a341-b33e-3d08-f115.root	/lus/flare/projects/neutrinoGPU/abhat/sbnd/thomas-g4-parsl-reproduction-20260921/detsim/000000/000000/detsim-a341-b33e-3d08-f115.root	/lus/flare/projects/neutrinoGPU/abhat/sbnd/thomas-g4-parsl-rerun-20260924/reco1/000000/000000/reco1-detsim-e986-8792-1beb-4b36.root	/lus/flare/projects/neutrinoGPU/abhat/sbnd/thomas-g4-parsl-rerun-20260924/detsim/000000/000000/detsim-e986-8792-1beb-4b36.root
199e-ec8c-cfaf-a30e	2	1	19	8	T=A2!=A1	T=A2!=A1	T=A2!=A1	0	2.8375067710876465	125	8	8	0	0	3.0	246	9	9	0	0	5.699999809265137	193	9	9	0	1	0.0	0	0	0	0	1	0.0	0	0	0	0	1	0.0	0	0	0	0	0	2.8375067710876465	125	8	8	0	0	3.0	246	9	9	0	0	5.699999809265137	193	9	9	0	317430	317421	317430	1	/lus/flare/projects/neutrinoGPU/twester/scratch/sbnd_gen2_full/reco1/000000/000000/reco1-detsim-g4-gen-199e-ec8c-cfaf-a30e.root	/lus/flare/projects/neutrinoGPU/twester/scratch/sbnd_gen2_full/detsim/000000/000000/detsim-g4-gen-199e-ec8c-cfaf-a30e.root	/lus/flare/projects/neutrinoGPU/abhat/sbnd/thomas-g4-parsl-reproduction-20260921/reco1/000000/000000/reco1-detsim-a341-b33e-3d08-f115.root	/lus/flare/projects/neutrinoGPU/abhat/sbnd/thomas-g4-parsl-reproduction-20260921/detsim/000000/000000/detsim-a341-b33e-3d08-f115.root	/lus/flare/projects/neutrinoGPU/abhat/sbnd/thomas-g4-parsl-rerun-20260924/reco1/000000/000000/reco1-detsim-e986-8792-1beb-4b36.root	/lus/flare/projects/neutrinoGPU/abhat/sbnd/thomas-g4-parsl-rerun-20260924/detsim/000000/000000/detsim-e986-8792-1beb-4b36.root
199e-ec8c-cfaf-a30e	3	1	19	9	all_same	all_differ	all_differ	1	0.0	0	0	0	0	0	17.34000015258789	126	1	1	0	0	20.1200008392334	126	1	1	0	1	0.0	0	0	0	0	0	19.860000610351562	271	3	3	0	0	22.1200008392334	270	3	3	0	1	0.0	0	0	0	0	0	19.860000610351562	145	2	2	0	0	22.1200008392334	144	2	2	0	188151	188151	188151	1	/lus/flare/projects/neutrinoGPU/twester/scratch/sbnd_gen2_full/reco1/000000/000000/reco1-detsim-g4-gen-199e-ec8c-cfaf-a30e.root	/lus/flare/projects/neutrinoGPU/twester/scratch/sbnd_gen2_full/detsim/000000/000000/detsim-g4-gen-199e-ec8c-cfaf-a30e.root	/lus/flare/projects/neutrinoGPU/abhat/sbnd/thomas-g4-parsl-reproduction-20260921/reco1/000000/000000/reco1-detsim-a341-b33e-3d08-f115.root	/lus/flare/projects/neutrinoGPU/abhat/sbnd/thomas-g4-parsl-reproduction-20260921/detsim/000000/000000/detsim-a341-b33e-3d08-f115.root	/lus/flare/projects/neutrinoGPU/abhat/sbnd/thomas-g4-parsl-rerun-20260924/reco1/000000/000000/reco1-detsim-e986-8792-1beb-4b36.root	/lus/flare/projects/neutrinoGPU/abhat/sbnd/thomas-g4-parsl-rerun-20260924/detsim/000000/000000/detsim-e986-8792-1beb-4b36.root
199e-ec8c-cfaf-a30e	4	1	19	10	all_same	all_same	all_same	1	0.0	0	0	0	0	1	0.0	0	0	0	0	1	0.0	0	0	0	0	1	0.0	0	0	0	0	1	0.0	0	0	0	0	1	0.0	0	0	0	0	1	0.0	0	0	0	0	1	0.0	0	0	0	0	1	0.0	0	0	0	0	525617	525617	525617	1	/lus/flare/projects/neutrinoGPU/twester/scratch/sbnd_gen2_full/reco1/000000/000000/reco1-detsim-g4-gen-199e-ec8c-cfaf-a30e.root	/lus/flare/projects/neutrinoGPU/twester/scratch/sbnd_gen2_full/detsim/000000/000000/detsim-g4-gen-199e-ec8c-cfaf-a30e.root	/lus/flare/projects/neutrinoGPU/abhat/sbnd/thomas-g4-parsl-reproduction-20260921/reco1/000000/000000/reco1-detsim-a341-b33e-3d08-f115.root	/lus/flare/projects/neutrinoGPU/abhat/sbnd/thomas-g4-parsl-reproduction-20260921/detsim/000000/000000/detsim-a341-b33e-3d08-f115.root	/lus/flare/projects/neutrinoGPU/abhat/sbnd/thomas-g4-parsl-rerun-20260924/reco1/000000/000000/reco1-detsim-e986-8792-1beb-4b36.root	/lus/flare/projects/neutrinoGPU/abhat/sbnd/thomas-g4-parsl-rerun-20260924/detsim/000000/000000/detsim-e986-8792-1beb-4b36.root
199e-ec8c-cfaf-a30e	5	1	19	15	T=A1!=A2	all_same	all_same	1	0.0	0	0	0	0	1	0.0	0	0	0	0	1	0.0	0	0	0	0	0	0.022239990532398224	56	1	1	0	1	0.0	0	0	0	0	1	0.0	0	0	0	0	0	0.022239990532398224	56	1	1	0	1	0.0	0	0	0	0	1	0.0	0	0	0	0	395044	395044	395045	1	/lus/flare/projects/neutrinoGPU/twester/scratch/sbnd_gen2_full/reco1/000000/000000/reco1-detsim-g4-gen-199e-ec8c-cfaf-a30e.root	/lus/flare/projects/neutrinoGPU/twester/scratch/sbnd_gen2_full/detsim/000000/000000/detsim-g4-gen-199e-ec8c-cfaf-a30e.root	/lus/flare/projects/neutrinoGPU/abhat/sbnd/thomas-g4-parsl-reproduction-20260921/reco1/000000/000000/reco1-detsim-a341-b33e-3d08-f115.root	/lus/flare/projects/neutrinoGPU/abhat/sbnd/thomas-g4-parsl-reproduction-20260921/detsim/000000/000000/detsim-a341-b33e-3d08-f115.root	/lus/flare/projects/neutrinoGPU/abhat/sbnd/thomas-g4-parsl-rerun-20260924/reco1/000000/000000/reco1-detsim-e986-8792-1beb-4b36.root	/lus/flare/projects/neutrinoGPU/abhat/sbnd/thomas-g4-parsl-rerun-20260924/detsim/000000/000000/detsim-e986-8792-1beb-4b36.root
1e25-2b5b-7a6e-7dbb	0	1	7	3	A1=A2!=T	all_same	all_same	0	8.22054672241211	71	3	3	0	1	0.0	0	0	0	0	1	0.0	0	0	0	0	0	8.22054672241211	71	3	3	0	1	0.0	0	0	0	0	1	0.0	0	0	0	0	1	0.0	0	0	0	0	1	0.0	0	0	0	0	1	0.0	0	0	0	0	700117	700104	700104	1	/lus/flare/projects/neutrinoGPU/twester/scratch/sbnd_gen2_full/reco1/000000/000000/reco1-detsim-g4-gen-1e25-2b5b-7a6e-7dbb.root	/lus/flare/projects/neutrinoGPU/twester/scratch/sbnd_gen2_full/detsim/000000/000000/detsim-g4-gen-1e25-2b5b-7a6e-7dbb.root	/lus/flare/projects/neutrinoGPU/abhat/sbnd/thomas-g4-parsl-reproduction-20260921/reco1/000000/000000/reco1-detsim-fbfd-f0e5-594c-3030.root	/lus/flare/projects/neutrinoGPU/abhat/sbnd/thomas-g4-parsl-reproduction-20260921/detsim/000000/000000/detsim-fbfd-f0e5-594c-3030.root	/lus/flare/projects/neutrinoGPU/abhat/sbnd/thomas-g4-parsl-rerun-20260924/reco1/000000/000000/reco1-detsim-f6cc-c9ef-26f2-8e1a.root	/lus/flare/projects/neutrinoGPU/abhat/sbnd/thomas-g4-parsl-rerun-20260924/detsim/000000/000000/detsim-f6cc-c9ef-26f2-8e1a.root
1e25-2b5b-7a6e-7dbb	1	1	7	8	all_same	T=A1!=A2	T=A1!=A2	1	0.0	0	0	0	0	1	0.0	0	0	0	0	1	0.0	0	0	0	0	1	0.0	0	0	0	0	0	1.4800000190734863	81	3	3	0	0	3.9200000762939453	73	3	2	1	1	0.0	0	0	0	0	0	1.4800000190734863	81	3	3	0	0	3.9200000762939453	73	3	2	1	362006	362006	362006	1	/lus/flare/projects/neutrinoGPU/twester/scratch/sbnd_gen2_full/reco1/000000/000000/reco1-detsim-g4-gen-1e25-2b5b-7a6e-7dbb.root	/lus/flare/projects/neutrinoGPU/twester/scratch/sbnd_gen2_full/detsim/000000/000000/detsim-g4-gen-1e25-2b5b-7a6e-7dbb.root	/lus/flare/projects/neutrinoGPU/abhat/sbnd/thomas-g4-parsl-reproduction-20260921/reco1/000000/000000/reco1-detsim-fbfd-f0e5-594c-3030.root	/lus/flare/projects/neutrinoGPU/abhat/sbnd/thomas-g4-parsl-reproduction-20260921/detsim/000000/000000/detsim-fbfd-f0e5-594c-3030.root	/lus/flare/projects/neutrinoGPU/abhat/sbnd/thomas-g4-parsl-rerun-20260924/reco1/000000/000000/reco1-detsim-f6cc-c9ef-26f2-8e1a.root	/lus/flare/projects/neutrinoGPU/abhat/sbnd/thomas-g4-parsl-rerun-20260924/detsim/000000/000000/detsim-f6cc-c9ef-26f2-8e1a.root
1e25-2b5b-7a6e-7dbb	2	1	7	11	all_same	all_same	all_same	1	0.0	0	0	0	0	1	0.0	0	0	0	0	1	0.0	0	0	0	0	1	0.0	0	0	0	0	1	0.0	0	0	0	0	1	0.0	0	0	0	0	1	0.0	0	0	0	0	1	0.0	0	0	0	0	1	0.0	0	0	0	0	486312	486312	486312	1	/lus/flare/projects/neutrinoGPU/twester/scratch/sbnd_gen2_full/reco1/000000/000000/reco1-detsim-g4-gen-1e25-2b5b-7a6e-7dbb.root	/lus/flare/projects/neutrinoGPU/twester/scratch/sbnd_gen2_full/detsim/000000/000000/detsim-g4-gen-1e25-2b5b-7a6e-7dbb.root	/lus/flare/projects/neutrinoGPU/abhat/sbnd/thomas-g4-parsl-reproduction-20260921/reco1/000000/000000/reco1-detsim-fbfd-f0e5-594c-3030.root	/lus/flare/projects/neutrinoGPU/abhat/sbnd/thomas-g4-parsl-reproduction-20260921/detsim/000000/000000/detsim-fbfd-f0e5-594c-3030.root	/lus/flare/projects/neutrinoGPU/abhat/sbnd/thomas-g4-parsl-rerun-20260924/reco1/000000/000000/reco1-detsim-f6cc-c9ef-26f2-8e1a.root	/lus/flare/projects/neutrinoGPU/abhat/sbnd/thomas-g4-parsl-rerun-20260924/detsim/000000/000000/detsim-f6cc-c9ef-26f2-8e1a.root
1e25-2b5b-7a6e-7dbb	3	1	7	13	all_same	all_same	all_same	1	0.0	0	0	0	0	1	0.0	0	0	0	0	1	0.0	0	0	0	0	1	0.0	0	0	0	0	1	0.0	0	0	0	0	1	0.0	0	0	0	0	1	0.0	0	0	0	0	1	0.0	0	0	0	0	1	0.0	0	0	0	0	473637	473637	473637	1	/lus/flare/projects/neutrinoGPU/twester/scratch/sbnd_gen2_full/reco1/000000/000000/reco1-detsim-g4-gen-1e25-2b5b-7a6e-7dbb.root	/lus/flare/projects/neutrinoGPU/twester/scratch/sbnd_gen2_full/detsim/000000/000000/detsim-g4-gen-1e25-2b5b-7a6e-7dbb.root	/lus/flare/projects/neutrinoGPU/abhat/sbnd/thomas-g4-parsl-reproduction-20260921/reco1/000000/000000/reco1-detsim-fbfd-f0e5-594c-3030.root	/lus/flare/projects/neutrinoGPU/abhat/sbnd/thomas-g4-parsl-reproduction-20260921/detsim/000000/000000/detsim-fbfd-f0e5-594c-3030.root	/lus/flare/projects/neutrinoGPU/abhat/sbnd/thomas-g4-parsl-rerun-20260924/reco1/000000/000000/reco1-detsim-f6cc-c9ef-26f2-8e1a.root	/lus/flare/projects/neutrinoGPU/abhat/sbnd/thomas-g4-parsl-rerun-20260924/detsim/000000/000000/detsim-f6cc-c9ef-26f2-8e1a.root
3047-6e4e-6694-57cc	0	1	17	1	all_same	A1=A2!=T	A1=A2!=T	1	0.0	0	0	0	0	0	9.479999542236328	94	3	3	0	0	13.15999984741211	75	3	3	0	1	0.0	0	0	0	0	0	9.479999542236328	94	3	3	0	0	13.15999984741211	75	3	3	0	1	0.0	0	0	0	0	1	0.0	0	0	0	0	1	0.0	0	0	0	0	246117	246117	246117	1	/lus/flare/projects/neutrinoGPU/twester/scratch/sbnd_gen2_full/reco1/000000/000000/reco1-detsim-g4-gen-3047-6e4e-6694-57cc.root	/lus/flare/projects/neutrinoGPU/twester/scratch/sbnd_gen2_full/detsim/000000/000000/detsim-g4-gen-3047-6e4e-6694-57cc.root	/lus/flare/projects/neutrinoGPU/abhat/sbnd/thomas-g4-parsl-reproduction-20260921/reco1/000000/000000/reco1-detsim-39dd-577d-69f9-57e0.root	/lus/flare/projects/neutrinoGPU/abhat/sbnd/thomas-g4-parsl-reproduction-20260921/detsim/000000/000000/detsim-39dd-577d-69f9-57e0.root	/lus/flare/projects/neutrinoGPU/abhat/sbnd/thomas-g4-parsl-rerun-20260924/reco1/000000/000000/reco1-detsim-3c4b-d2e9-295c-777a.root	/lus/flare/projects/neutrinoGPU/abhat/sbnd/thomas-g4-parsl-rerun-20260924/detsim/000000/000000/detsim-3c4b-d2e9-295c-777a.root
3047-6e4e-6694-57cc	1	1	17	6	all_same	all_differ	all_differ	1	0.0	0	0	0	0	0	18.360000610351562	506	15	15	0	0	20.780000686645508	452	16	14	2	1	0.0	0	0	0	0	0	11.739999771118164	232	7	7	0	0	17.420000076293945	211	8	7	1	1	0.0	0	0	0	0	0	18.360000610351562	274	8	8	0	0	20.780000686645508	241	8	7	1	196772	196772	196772	1	/lus/flare/projects/neutrinoGPU/twester/scratch/sbnd_gen2_full/reco1/000000/000000/reco1-detsim-g4-gen-3047-6e4e-6694-57cc.root	/lus/flare/projects/neutrinoGPU/twester/scratch/sbnd_gen2_full/detsim/000000/000000/detsim-g4-gen-3047-6e4e-6694-57cc.root	/lus/flare/projects/neutrinoGPU/abhat/sbnd/thomas-g4-parsl-reproduction-20260921/reco1/000000/000000/reco1-detsim-39dd-577d-69f9-57e0.root	/lus/flare/projects/neutrinoGPU/abhat/sbnd/thomas-g4-parsl-reproduction-20260921/detsim/000000/000000/detsim-39dd-577d-69f9-57e0.root	/lus/flare/projects/neutrinoGPU/abhat/sbnd/thomas-g4-parsl-rerun-20260924/reco1/000000/000000/reco1-detsim-3c4b-d2e9-295c-777a.root	/lus/flare/projects/neutrinoGPU/abhat/sbnd/thomas-g4-parsl-rerun-20260924/detsim/000000/000000/detsim-3c4b-d2e9-295c-777a.root
3047-6e4e-6694-57cc	2	1	17	7	A1=A2!=T	A1=A2!=T	A1=A2!=T	0	1.6962976455688477	81	4	4	0	0	1.440000057220459	70	3	3	0	0	4.139999866485596	56	3	3	0	0	1.6962976455688477	81	4	4	0	0	1.440000057220459	70	3	3	0	0	4.139999866485596	56	3	3	0	1	0.0	0	0	0	0	1	0.0	0	0	0	0	1	0.0	0	0	0	0	352340	352339	352339	1	/lus/flare/projects/neutrinoGPU/twester/scratch/sbnd_gen2_full/reco1/000000/000000/reco1-detsim-g4-gen-3047-6e4e-6694-57cc.root	/lus/flare/projects/neutrinoGPU/twester/scratch/sbnd_gen2_full/detsim/000000/000000/detsim-g4-gen-3047-6e4e-6694-57cc.root	/lus/flare/projects/neutrinoGPU/abhat/sbnd/thomas-g4-parsl-reproduction-20260921/reco1/000000/000000/reco1-detsim-39dd-577d-69f9-57e0.root	/lus/flare/projects/neutrinoGPU/abhat/sbnd/thomas-g4-parsl-reproduction-20260921/detsim/000000/000000/detsim-39dd-577d-69f9-57e0.root	/lus/flare/projects/neutrinoGPU/abhat/sbnd/thomas-g4-parsl-rerun-20260924/reco1/000000/000000/reco1-detsim-3c4b-d2e9-295c-777a.root	/lus/flare/projects/neutrinoGPU/abhat/sbnd/thomas-g4-parsl-rerun-20260924/detsim/000000/000000/detsim-3c4b-d2e9-295c-777a.root
3047-6e4e-6694-57cc	3	1	17	12	A1=A2!=T	all_same	all_same	0	1.947095274925232	26	1	1	0	1	0.0	0	0	0	0	1	0.0	0	0	0	0	0	1.947095274925232	26	1	1	0	1	0.0	0	0	0	0	1	0.0	0	0	0	0	1	0.0	0	0	0	0	1	0.0	0	0	0	0	1	0.0	0	0	0	0	387171	387169	387169	1	/lus/flare/projects/neutrinoGPU/twester/scratch/sbnd_gen2_full/reco1/000000/000000/reco1-detsim-g4-gen-3047-6e4e-6694-57cc.root	/lus/flare/projects/neutrinoGPU/twester/scratch/sbnd_gen2_full/detsim/000000/000000/detsim-g4-gen-3047-6e4e-6694-57cc.root	/lus/flare/projects/neutrinoGPU/abhat/sbnd/thomas-g4-parsl-reproduction-20260921/reco1/000000/000000/reco1-detsim-39dd-577d-69f9-57e0.root	/lus/flare/projects/neutrinoGPU/abhat/sbnd/thomas-g4-parsl-reproduction-20260921/detsim/000000/000000/detsim-39dd-577d-69f9-57e0.root	/lus/flare/projects/neutrinoGPU/abhat/sbnd/thomas-g4-parsl-rerun-20260924/reco1/000000/000000/reco1-detsim-3c4b-d2e9-295c-777a.root	/lus/flare/projects/neutrinoGPU/abhat/sbnd/thomas-g4-parsl-rerun-20260924/detsim/000000/000000/detsim-3c4b-d2e9-295c-777a.root
3047-6e4e-6694-57cc	4	1	17	14	all_same	T=A2!=A1	T=A2!=A1	1	0.0	0	0	0	0	0	2.4600000381469727	83	3	3	0	0	4.940000057220459	70	3	3	0	1	0.0	0	0	0	0	1	0.0	0	0	0	0	1	0.0	0	0	0	0	1	0.0	0	0	0	0	0	2.4600000381469727	83	3	3	0	0	4.940000057220459	70	3	3	0	341490	341490	341490	1	/lus/flare/projects/neutrinoGPU/twester/scratch/sbnd_gen2_full/reco1/000000/000000/reco1-detsim-g4-gen-3047-6e4e-6694-57cc.root	/lus/flare/projects/neutrinoGPU/twester/scratch/sbnd_gen2_full/detsim/000000/000000/detsim-g4-gen-3047-6e4e-6694-57cc.root	/lus/flare/projects/neutrinoGPU/abhat/sbnd/thomas-g4-parsl-reproduction-20260921/reco1/000000/000000/reco1-detsim-39dd-577d-69f9-57e0.root	/lus/flare/projects/neutrinoGPU/abhat/sbnd/thomas-g4-parsl-reproduction-20260921/detsim/000000/000000/detsim-39dd-577d-69f9-57e0.root	/lus/flare/projects/neutrinoGPU/abhat/sbnd/thomas-g4-parsl-rerun-20260924/reco1/000000/000000/reco1-detsim-3c4b-d2e9-295c-777a.root	/lus/flare/projects/neutrinoGPU/abhat/sbnd/thomas-g4-parsl-rerun-20260924/detsim/000000/000000/detsim-3c4b-d2e9-295c-777a.root
4f08-780d-177d-1e84	0	1	8	1	all_same	T=A1!=A2	T=A1!=A2	1	0.0	0	0	0	0	1	0.0	0	0	0	0	1	0.0	0	0	0	0	1	0.0	0	0	0	0	0	13.180000305175781	57	2	2	0	0	17.739999771118164	65	2	2	0	1	0.0	0	0	0	0	0	13.180000305175781	57	2	2	0	0	17.739999771118164	65	2	2	0	266355	266355	266355	1	/lus/flare/projects/neutrinoGPU/twester/scratch/sbnd_gen2_full/reco1/000000/000000/reco1-detsim-g4-gen-4f08-780d-177d-1e84.root	/lus/flare/projects/neutrinoGPU/twester/scratch/sbnd_gen2_full/detsim/000000/000000/detsim-g4-gen-4f08-780d-177d-1e84.root	/lus/flare/projects/neutrinoGPU/abhat/sbnd/thomas-g4-parsl-reproduction-20260921/reco1/000000/000000/reco1-detsim-02d4-052b-a7c2-4a42.root	/lus/flare/projects/neutrinoGPU/abhat/sbnd/thomas-g4-parsl-reproduction-20260921/detsim/000000/000000/detsim-02d4-052b-a7c2-4a42.root	/lus/flare/projects/neutrinoGPU/abhat/sbnd/thomas-g4-parsl-rerun-20260924/reco1/000000/000000/reco1-detsim-4726-5ee0-63ee-367b.root	/lus/flare/projects/neutrinoGPU/abhat/sbnd/thomas-g4-parsl-rerun-20260924/detsim/000000/000000/detsim-4726-5ee0-63ee-367b.root
4f08-780d-177d-1e84	1	1	8	2	all_same	all_differ	all_differ	1	0.0	0	0	0	0	0	10.479999542236328	4478	123	116	7	0	16.700000762939453	3884	124	119	5	1	0.0	0	0	0	0	0	14.680000305175781	3321	98	91	7	0	16.700000762939453	2882	99	94	5	1	0.0	0	0	0	0	0	14.680000305175781	3817	102	97	5	0	16.579999923706055	3281	102	98	4	403121	403121	403121	1	/lus/flare/projects/neutrinoGPU/twester/scratch/sbnd_gen2_full/reco1/000000/000000/reco1-detsim-g4-gen-4f08-780d-177d-1e84.root	/lus/flare/projects/neutrinoGPU/twester/scratch/sbnd_gen2_full/detsim/000000/000000/detsim-g4-gen-4f08-780d-177d-1e84.root	/lus/flare/projects/neutrinoGPU/abhat/sbnd/thomas-g4-parsl-reproduction-20260921/reco1/000000/000000/reco1-detsim-02d4-052b-a7c2-4a42.root	/lus/flare/projects/neutrinoGPU/abhat/sbnd/thomas-g4-parsl-reproduction-20260921/detsim/000000/000000/detsim-02d4-052b-a7c2-4a42.root	/lus/flare/projects/neutrinoGPU/abhat/sbnd/thomas-g4-parsl-rerun-20260924/reco1/000000/000000/reco1-detsim-4726-5ee0-63ee-367b.root	/lus/flare/projects/neutrinoGPU/abhat/sbnd/thomas-g4-parsl-rerun-20260924/detsim/000000/000000/detsim-4726-5ee0-63ee-367b.root
4f08-780d-177d-1e84	2	1	8	4	all_same	A1=A2!=T	A1=A2!=T	1	0.0	0	0	0	0	0	14.199999809265137	57	1	1	0	0	15.539999961853027	57	1	1	0	1	0.0	0	0	0	0	0	14.199999809265137	57	1	1	0	0	15.539999961853027	57	1	1	0	1	0.0	0	0	0	0	1	0.0	0	0	0	0	1	0.0	0	0	0	0	328199	328199	328199	1	/lus/flare/projects/neutrinoGPU/twester/scratch/sbnd_gen2_full/reco1/000000/000000/reco1-detsim-g4-gen-4f08-780d-177d-1e84.root	/lus/flare/projects/neutrinoGPU/twester/scratch/sbnd_gen2_full/detsim/000000/000000/detsim-g4-gen-4f08-780d-177d-1e84.root	/lus/flare/projects/neutrinoGPU/abhat/sbnd/thomas-g4-parsl-reproduction-20260921/reco1/000000/000000/reco1-detsim-02d4-052b-a7c2-4a42.root	/lus/flare/projects/neutrinoGPU/abhat/sbnd/thomas-g4-parsl-reproduction-20260921/detsim/000000/000000/detsim-02d4-052b-a7c2-4a42.root	/lus/flare/projects/neutrinoGPU/abhat/sbnd/thomas-g4-parsl-rerun-20260924/reco1/000000/000000/reco1-detsim-4726-5ee0-63ee-367b.root	/lus/flare/projects/neutrinoGPU/abhat/sbnd/thomas-g4-parsl-rerun-20260924/detsim/000000/000000/detsim-4726-5ee0-63ee-367b.root
4f08-780d-177d-1e84	3	1	8	9	all_same	all_same	all_same	1	0.0	0	0	0	0	1	0.0	0	0	0	0	1	0.0	0	0	0	0	1	0.0	0	0	0	0	1	0.0	0	0	0	0	1	0.0	0	0	0	0	1	0.0	0	0	0	0	1	0.0	0	0	0	0	1	0.0	0	0	0	0	411179	411179	411179	1	/lus/flare/projects/neutrinoGPU/twester/scratch/sbnd_gen2_full/reco1/000000/000000/reco1-detsim-g4-gen-4f08-780d-177d-1e84.root	/lus/flare/projects/neutrinoGPU/twester/scratch/sbnd_gen2_full/detsim/000000/000000/detsim-g4-gen-4f08-780d-177d-1e84.root	/lus/flare/projects/neutrinoGPU/abhat/sbnd/thomas-g4-parsl-reproduction-20260921/reco1/000000/000000/reco1-detsim-02d4-052b-a7c2-4a42.root	/lus/flare/projects/neutrinoGPU/abhat/sbnd/thomas-g4-parsl-reproduction-20260921/detsim/000000/000000/detsim-02d4-052b-a7c2-4a42.root	/lus/flare/projects/neutrinoGPU/abhat/sbnd/thomas-g4-parsl-rerun-20260924/reco1/000000/000000/reco1-detsim-4726-5ee0-63ee-367b.root	/lus/flare/projects/neutrinoGPU/abhat/sbnd/thomas-g4-parsl-rerun-20260924/detsim/000000/000000/detsim-4726-5ee0-63ee-367b.root
4f08-780d-177d-1e84	4	1	8	13	all_same	T=A2!=A1	T=A2!=A1	1	0.0	0	0	0	0	0	1.8600000143051147	103	3	3	0	0	4.980000019073486	88	3	3	0	1	0.0	0	0	0	0	1	0.0	0	0	0	0	1	0.0	0	0	0	0	1	0.0	0	0	0	0	0	1.8600000143051147	103	3	3	0	0	4.980000019073486	88	3	3	0	491508	491508	491508	1	/lus/flare/projects/neutrinoGPU/twester/scratch/sbnd_gen2_full/reco1/000000/000000/reco1-detsim-g4-gen-4f08-780d-177d-1e84.root	/lus/flare/projects/neutrinoGPU/twester/scratch/sbnd_gen2_full/detsim/000000/000000/detsim-g4-gen-4f08-780d-177d-1e84.root	/lus/flare/projects/neutrinoGPU/abhat/sbnd/thomas-g4-parsl-reproduction-20260921/reco1/000000/000000/reco1-detsim-02d4-052b-a7c2-4a42.root	/lus/flare/projects/neutrinoGPU/abhat/sbnd/thomas-g4-parsl-reproduction-20260921/detsim/000000/000000/detsim-02d4-052b-a7c2-4a42.root	/lus/flare/projects/neutrinoGPU/abhat/sbnd/thomas-g4-parsl-rerun-20260924/reco1/000000/000000/reco1-detsim-4726-5ee0-63ee-367b.root	/lus/flare/projects/neutrinoGPU/abhat/sbnd/thomas-g4-parsl-rerun-20260924/detsim/000000/000000/detsim-4726-5ee0-63ee-367b.root
4f08-780d-177d-1e84	5	1	8	14	all_same	all_same	all_same	1	0.0	0	0	0	0	1	0.0	0	0	0	0	1	0.0	0	0	0	0	1	0.0	0	0	0	0	1	0.0	0	0	0	0	1	0.0	0	0	0	0	1	0.0	0	0	0	0	1	0.0	0	0	0	0	1	0.0	0	0	0	0	395376	395376	395376	1	/lus/flare/projects/neutrinoGPU/twester/scratch/sbnd_gen2_full/reco1/000000/000000/reco1-detsim-g4-gen-4f08-780d-177d-1e84.root	/lus/flare/projects/neutrinoGPU/twester/scratch/sbnd_gen2_full/detsim/000000/000000/detsim-g4-gen-4f08-780d-177d-1e84.root	/lus/flare/projects/neutrinoGPU/abhat/sbnd/thomas-g4-parsl-reproduction-20260921/reco1/000000/000000/reco1-detsim-02d4-052b-a7c2-4a42.root	/lus/flare/projects/neutrinoGPU/abhat/sbnd/thomas-g4-parsl-reproduction-20260921/detsim/000000/000000/detsim-02d4-052b-a7c2-4a42.root	/lus/flare/projects/neutrinoGPU/abhat/sbnd/thomas-g4-parsl-rerun-20260924/reco1/000000/000000/reco1-detsim-4726-5ee0-63ee-367b.root	/lus/flare/projects/neutrinoGPU/abhat/sbnd/thomas-g4-parsl-rerun-20260924/detsim/000000/000000/detsim-4726-5ee0-63ee-367b.root
4f08-780d-177d-1e84	6	1	8	15	all_same	T=A1!=A2	T=A1!=A2	1	0.0	0	0	0	0	1	0.0	0	0	0	0	1	0.0	0	0	0	0	1	0.0	0	0	0	0	0	4.519999980926514	105	3	2	1	0	9.34000015258789	86	3	3	0	1	0.0	0	0	0	0	0	4.519999980926514	105	3	2	1	0	9.34000015258789	86	3	3	0	281682	281682	281682	1	/lus/flare/projects/neutrinoGPU/twester/scratch/sbnd_gen2_full/reco1/000000/000000/reco1-detsim-g4-gen-4f08-780d-177d-1e84.root	/lus/flare/projects/neutrinoGPU/twester/scratch/sbnd_gen2_full/detsim/000000/000000/detsim-g4-gen-4f08-780d-177d-1e84.root	/lus/flare/projects/neutrinoGPU/abhat/sbnd/thomas-g4-parsl-reproduction-20260921/reco1/000000/000000/reco1-detsim-02d4-052b-a7c2-4a42.root	/lus/flare/projects/neutrinoGPU/abhat/sbnd/thomas-g4-parsl-reproduction-20260921/detsim/000000/000000/detsim-02d4-052b-a7c2-4a42.root	/lus/flare/projects/neutrinoGPU/abhat/sbnd/thomas-g4-parsl-rerun-20260924/reco1/000000/000000/reco1-detsim-4726-5ee0-63ee-367b.root	/lus/flare/projects/neutrinoGPU/abhat/sbnd/thomas-g4-parsl-rerun-20260924/detsim/000000/000000/detsim-4726-5ee0-63ee-367b.root
4f85-52bc-5313-6d4b	0	1	11	12	all_same	all_same	all_same	1	0.0	0	0	0	0	1	0.0	0	0	0	0	1	0.0	0	0	0	0	1	0.0	0	0	0	0	1	0.0	0	0	0	0	1	0.0	0	0	0	0	1	0.0	0	0	0	0	1	0.0	0	0	0	0	1	0.0	0	0	0	0	173440	173440	173440	1	/lus/flare/projects/neutrinoGPU/twester/scratch/sbnd_gen2_full/reco1/000000/000000/reco1-detsim-g4-gen-4f85-52bc-5313-6d4b.root	/lus/flare/projects/neutrinoGPU/twester/scratch/sbnd_gen2_full/detsim/000000/000000/detsim-g4-gen-4f85-52bc-5313-6d4b.root	/lus/flare/projects/neutrinoGPU/abhat/sbnd/thomas-g4-parsl-reproduction-20260921/reco1/000000/000000/reco1-detsim-cb93-8c7b-6697-bd24.root	/lus/flare/projects/neutrinoGPU/abhat/sbnd/thomas-g4-parsl-reproduction-20260921/detsim/000000/000000/detsim-cb93-8c7b-6697-bd24.root	/lus/flare/projects/neutrinoGPU/abhat/sbnd/thomas-g4-parsl-rerun-20260924/reco1/000000/000000/reco1-detsim-a7b8-56ac-1977-1e90.root	/lus/flare/projects/neutrinoGPU/abhat/sbnd/thomas-g4-parsl-rerun-20260924/detsim/000000/000000/detsim-a7b8-56ac-1977-1e90.root
4f85-52bc-5313-6d4b	1	1	11	14	T=A1!=A2	all_differ	all_differ	1	0.0	0	0	0	0	0	11.779999732971191	62	2	2	0	0	18.540000915527344	54	2	2	0	0	0.40201231837272644	50	2	1	1	0	11.779999732971191	27	1	1	0	0	18.540000915527344	27	1	1	0	0	0.40201231837272644	50	2	1	1	0	1.7000000476837158	35	1	1	0	0	2.759999990463257	27	1	1	0	309046	309046	309041	1	/lus/flare/projects/neutrinoGPU/twester/scratch/sbnd_gen2_full/reco1/000000/000000/reco1-detsim-g4-gen-4f85-52bc-5313-6d4b.root	/lus/flare/projects/neutrinoGPU/twester/scratch/sbnd_gen2_full/detsim/000000/000000/detsim-g4-gen-4f85-52bc-5313-6d4b.root	/lus/flare/projects/neutrinoGPU/abhat/sbnd/thomas-g4-parsl-reproduction-20260921/reco1/000000/000000/reco1-detsim-cb93-8c7b-6697-bd24.root	/lus/flare/projects/neutrinoGPU/abhat/sbnd/thomas-g4-parsl-reproduction-20260921/detsim/000000/000000/detsim-cb93-8c7b-6697-bd24.root	/lus/flare/projects/neutrinoGPU/abhat/sbnd/thomas-g4-parsl-rerun-20260924/reco1/000000/000000/reco1-detsim-a7b8-56ac-1977-1e90.root	/lus/flare/projects/neutrinoGPU/abhat/sbnd/thomas-g4-parsl-rerun-20260924/detsim/000000/000000/detsim-a7b8-56ac-1977-1e90.root
5bae-dbac-c685-fc52	0	1	15	2	all_same	all_differ	all_differ	1	0.0	0	0	0	0	0	8.460000038146973	358	12	12	0	0	11.4399995803833	301	12	12	0	1	0.0	0	0	0	0	0	8.460000038146973	296	9	9	0	0	13.0600004196167	251	9	9	0	1	0.0	0	0	0	0	0	7.059999942779541	470	15	15	0	0	13.0600004196167	402	15	15	0	236494	236494	236494	1	/lus/flare/projects/neutrinoGPU/twester/scratch/sbnd_gen2_full/reco1/000000/000000/reco1-detsim-g4-gen-5bae-dbac-c685-fc52.root	/lus/flare/projects/neutrinoGPU/twester/scratch/sbnd_gen2_full/detsim/000000/000000/detsim-g4-gen-5bae-dbac-c685-fc52.root	/lus/flare/projects/neutrinoGPU/abhat/sbnd/thomas-g4-parsl-reproduction-20260921/reco1/000000/000000/reco1-detsim-6f1b-13a6-85c6-0a49.root	/lus/flare/projects/neutrinoGPU/abhat/sbnd/thomas-g4-parsl-reproduction-20260921/detsim/000000/000000/detsim-6f1b-13a6-85c6-0a49.root	/lus/flare/projects/neutrinoGPU/abhat/sbnd/thomas-g4-parsl-rerun-20260924/reco1/000000/000000/reco1-detsim-aade-b6c3-d40d-bb30.root	/lus/flare/projects/neutrinoGPU/abhat/sbnd/thomas-g4-parsl-rerun-20260924/detsim/000000/000000/detsim-aade-b6c3-d40d-bb30.root
5bae-dbac-c685-fc52	1	1	15	3	all_same	T=A2!=A1	T=A2!=A1	1	0.0	0	0	0	0	0	14.579999923706055	69	1	1	0	0	17.31999969482422	67	1	1	0	1	0.0	0	0	0	0	1	0.0	0	0	0	0	1	0.0	0	0	0	0	1	0.0	0	0	0	0	0	14.579999923706055	69	1	1	0	0	17.31999969482422	67	1	1	0	519211	519211	519211	1	/lus/flare/projects/neutrinoGPU/twester/scratch/sbnd_gen2_full/reco1/000000/000000/reco1-detsim-g4-gen-5bae-dbac-c685-fc52.root	/lus/flare/projects/neutrinoGPU/twester/scratch/sbnd_gen2_full/detsim/000000/000000/detsim-g4-gen-5bae-dbac-c685-fc52.root	/lus/flare/projects/neutrinoGPU/abhat/sbnd/thomas-g4-parsl-reproduction-20260921/reco1/000000/000000/reco1-detsim-6f1b-13a6-85c6-0a49.root	/lus/flare/projects/neutrinoGPU/abhat/sbnd/thomas-g4-parsl-reproduction-20260921/detsim/000000/000000/detsim-6f1b-13a6-85c6-0a49.root	/lus/flare/projects/neutrinoGPU/abhat/sbnd/thomas-g4-parsl-rerun-20260924/reco1/000000/000000/reco1-detsim-aade-b6c3-d40d-bb30.root	/lus/flare/projects/neutrinoGPU/abhat/sbnd/thomas-g4-parsl-rerun-20260924/detsim/000000/000000/detsim-aade-b6c3-d40d-bb30.root
5bae-dbac-c685-fc52	2	1	15	11	all_same	A1=A2!=T	A1=A2!=T	1	0.0	0	0	0	0	0	13.859999656677246	206	6	6	0	0	18.579999923706055	176	6	6	0	1	0.0	0	0	0	0	0	13.859999656677246	206	6	6	0	0	18.579999923706055	176	6	6	0	1	0.0	0	0	0	0	1	0.0	0	0	0	0	1	0.0	0	0	0	0	305056	305056	305056	1	/lus/flare/projects/neutrinoGPU/twester/scratch/sbnd_gen2_full/reco1/000000/000000/reco1-detsim-g4-gen-5bae-dbac-c685-fc52.root	/lus/flare/projects/neutrinoGPU/twester/scratch/sbnd_gen2_full/detsim/000000/000000/detsim-g4-gen-5bae-dbac-c685-fc52.root	/lus/flare/projects/neutrinoGPU/abhat/sbnd/thomas-g4-parsl-reproduction-20260921/reco1/000000/000000/reco1-detsim-6f1b-13a6-85c6-0a49.root	/lus/flare/projects/neutrinoGPU/abhat/sbnd/thomas-g4-parsl-reproduction-20260921/detsim/000000/000000/detsim-6f1b-13a6-85c6-0a49.root	/lus/flare/projects/neutrinoGPU/abhat/sbnd/thomas-g4-parsl-rerun-20260924/reco1/000000/000000/reco1-detsim-aade-b6c3-d40d-bb30.root	/lus/flare/projects/neutrinoGPU/abhat/sbnd/thomas-g4-parsl-rerun-20260924/detsim/000000/000000/detsim-aade-b6c3-d40d-bb30.root
5bae-dbac-c685-fc52	3	1	15	15	all_same	all_differ	all_differ	1	0.0	0	0	0	0	0	15.4399995803833	187	2	2	0	0	17.34000015258789	186	2	2	0	1	0.0	0	0	0	0	0	15.4399995803833	115	1	1	0	0	17.079999923706055	113	1	1	0	1	0.0	0	0	0	0	0	15.399999618530273	72	1	1	0	0	17.34000015258789	73	1	1	0	63877	63877	63877	1	/lus/flare/projects/neutrinoGPU/twester/scratch/sbnd_gen2_full/reco1/000000/000000/reco1-detsim-g4-gen-5bae-dbac-c685-fc52.root	/lus/flare/projects/neutrinoGPU/twester/scratch/sbnd_gen2_full/detsim/000000/000000/detsim-g4-gen-5bae-dbac-c685-fc52.root	/lus/flare/projects/neutrinoGPU/abhat/sbnd/thomas-g4-parsl-reproduction-20260921/reco1/000000/000000/reco1-detsim-6f1b-13a6-85c6-0a49.root	/lus/flare/projects/neutrinoGPU/abhat/sbnd/thomas-g4-parsl-reproduction-20260921/detsim/000000/000000/detsim-6f1b-13a6-85c6-0a49.root	/lus/flare/projects/neutrinoGPU/abhat/sbnd/thomas-g4-parsl-rerun-20260924/reco1/000000/000000/reco1-detsim-aade-b6c3-d40d-bb30.root	/lus/flare/projects/neutrinoGPU/abhat/sbnd/thomas-g4-parsl-rerun-20260924/detsim/000000/000000/detsim-aade-b6c3-d40d-bb30.root
7459-87c8-75c1-6f29	0	1	3	9	T=A1!=A2	all_differ	all_differ	1	0.0	0	0	0	0	0	0.9999998807907104	135	5	4	1	0	2.2799997329711914	106	5	4	1	0	0.4487082064151764	19	1	1	0	0	0.9999998807907104	81	3	2	1	0	2.2799997329711914	63	3	2	1	0	0.4487082064151764	19	1	1	0	0	0.25999999046325684	54	2	2	0	0	0.9200000166893005	43	2	2	0	266693	266693	266691	1	/lus/flare/projects/neutrinoGPU/twester/scratch/sbnd_gen2_full/reco1/000000/000000/reco1-detsim-g4-gen-7459-87c8-75c1-6f29.root	/lus/flare/projects/neutrinoGPU/twester/scratch/sbnd_gen2_full/detsim/000000/000000/detsim-g4-gen-7459-87c8-75c1-6f29.root	/lus/flare/projects/neutrinoGPU/abhat/sbnd/thomas-g4-parsl-reproduction-20260921/reco1/000000/000000/reco1-detsim-089f-81b6-93fa-a208.root	/lus/flare/projects/neutrinoGPU/abhat/sbnd/thomas-g4-parsl-reproduction-20260921/detsim/000000/000000/detsim-089f-81b6-93fa-a208.root	/lus/flare/projects/neutrinoGPU/abhat/sbnd/thomas-g4-parsl-rerun-20260924/reco1/000000/000000/reco1-detsim-edf6-b333-46d3-2fb4.root	/lus/flare/projects/neutrinoGPU/abhat/sbnd/thomas-g4-parsl-rerun-20260924/detsim/000000/000000/detsim-edf6-b333-46d3-2fb4.root
7459-87c8-75c1-6f29	1	1	3	11	all_same	all_differ	all_differ	1	0.0	0	0	0	0	0	14.460000038146973	53	1	1	0	0	19.299999237060547	51	1	1	0	1	0.0	0	0	0	0	0	1.659999966621399	60	2	2	0	0	3.700000047683716	45	2	1	1	1	0.0	0	0	0	0	0	14.460000038146973	113	3	3	0	0	19.299999237060547	96	3	2	1	202024	202024	202024	1	/lus/flare/projects/neutrinoGPU/twester/scratch/sbnd_gen2_full/reco1/000000/000000/reco1-detsim-g4-gen-7459-87c8-75c1-6f29.root	/lus/flare/projects/neutrinoGPU/twester/scratch/sbnd_gen2_full/detsim/000000/000000/detsim-g4-gen-7459-87c8-75c1-6f29.root	/lus/flare/projects/neutrinoGPU/abhat/sbnd/thomas-g4-parsl-reproduction-20260921/reco1/000000/000000/reco1-detsim-089f-81b6-93fa-a208.root	/lus/flare/projects/neutrinoGPU/abhat/sbnd/thomas-g4-parsl-reproduction-20260921/detsim/000000/000000/detsim-089f-81b6-93fa-a208.root	/lus/flare/projects/neutrinoGPU/abhat/sbnd/thomas-g4-parsl-rerun-20260924/reco1/000000/000000/reco1-detsim-edf6-b333-46d3-2fb4.root	/lus/flare/projects/neutrinoGPU/abhat/sbnd/thomas-g4-parsl-rerun-20260924/detsim/000000/000000/detsim-edf6-b333-46d3-2fb4.root
867c-fb44-c652-5d54	0	1	2	6	all_same	all_same	all_same	1	0.0	0	0	0	0	1	0.0	0	0	0	0	1	0.0	0	0	0	0	1	0.0	0	0	0	0	1	0.0	0	0	0	0	1	0.0	0	0	0	0	1	0.0	0	0	0	0	1	0.0	0	0	0	0	1	0.0	0	0	0	0	653004	653004	653004	1	/lus/flare/projects/neutrinoGPU/twester/scratch/sbnd_gen2_full/reco1/000000/000000/reco1-detsim-g4-gen-867c-fb44-c652-5d54.root	/lus/flare/projects/neutrinoGPU/twester/scratch/sbnd_gen2_full/detsim/000000/000000/detsim-g4-gen-867c-fb44-c652-5d54.root	/lus/flare/projects/neutrinoGPU/abhat/sbnd/thomas-g4-parsl-reproduction-20260921/reco1/000000/000000/reco1-detsim-0b0c-9164-e884-9372.root	/lus/flare/projects/neutrinoGPU/abhat/sbnd/thomas-g4-parsl-reproduction-20260921/detsim/000000/000000/detsim-0b0c-9164-e884-9372.root	/lus/flare/projects/neutrinoGPU/abhat/sbnd/thomas-g4-parsl-rerun-20260924/reco1/000000/000000/reco1-detsim-815a-e328-a16d-379d.root	/lus/flare/projects/neutrinoGPU/abhat/sbnd/thomas-g4-parsl-rerun-20260924/detsim/000000/000000/detsim-815a-e328-a16d-379d.root
867c-fb44-c652-5d54	1	1	2	9	all_same	all_same	all_same	1	0.0	0	0	0	0	1	0.0	0	0	0	0	1	0.0	0	0	0	0	1	0.0	0	0	0	0	1	0.0	0	0	0	0	1	0.0	0	0	0	0	1	0.0	0	0	0	0	1	0.0	0	0	0	0	1	0.0	0	0	0	0	246351	246351	246351	1	/lus/flare/projects/neutrinoGPU/twester/scratch/sbnd_gen2_full/reco1/000000/000000/reco1-detsim-g4-gen-867c-fb44-c652-5d54.root	/lus/flare/projects/neutrinoGPU/twester/scratch/sbnd_gen2_full/detsim/000000/000000/detsim-g4-gen-867c-fb44-c652-5d54.root	/lus/flare/projects/neutrinoGPU/abhat/sbnd/thomas-g4-parsl-reproduction-20260921/reco1/000000/000000/reco1-detsim-0b0c-9164-e884-9372.root	/lus/flare/projects/neutrinoGPU/abhat/sbnd/thomas-g4-parsl-reproduction-20260921/detsim/000000/000000/detsim-0b0c-9164-e884-9372.root	/lus/flare/projects/neutrinoGPU/abhat/sbnd/thomas-g4-parsl-rerun-20260924/reco1/000000/000000/reco1-detsim-815a-e328-a16d-379d.root	/lus/flare/projects/neutrinoGPU/abhat/sbnd/thomas-g4-parsl-rerun-20260924/detsim/000000/000000/detsim-815a-e328-a16d-379d.root
867c-fb44-c652-5d54	2	1	2	14	all_same	all_same	all_same	1	0.0	0	0	0	0	1	0.0	0	0	0	0	1	0.0	0	0	0	0	1	0.0	0	0	0	0	1	0.0	0	0	0	0	1	0.0	0	0	0	0	1	0.0	0	0	0	0	1	0.0	0	0	0	0	1	0.0	0	0	0	0	519589	519589	519589	1	/lus/flare/projects/neutrinoGPU/twester/scratch/sbnd_gen2_full/reco1/000000/000000/reco1-detsim-g4-gen-867c-fb44-c652-5d54.root	/lus/flare/projects/neutrinoGPU/twester/scratch/sbnd_gen2_full/detsim/000000/000000/detsim-g4-gen-867c-fb44-c652-5d54.root	/lus/flare/projects/neutrinoGPU/abhat/sbnd/thomas-g4-parsl-reproduction-20260921/reco1/000000/000000/reco1-detsim-0b0c-9164-e884-9372.root	/lus/flare/projects/neutrinoGPU/abhat/sbnd/thomas-g4-parsl-reproduction-20260921/detsim/000000/000000/detsim-0b0c-9164-e884-9372.root	/lus/flare/projects/neutrinoGPU/abhat/sbnd/thomas-g4-parsl-rerun-20260924/reco1/000000/000000/reco1-detsim-815a-e328-a16d-379d.root	/lus/flare/projects/neutrinoGPU/abhat/sbnd/thomas-g4-parsl-rerun-20260924/detsim/000000/000000/detsim-815a-e328-a16d-379d.root
8b63-0aca-23d7-0ab0	0	1	13	2	all_same	all_differ	all_differ	1	0.0	0	0	0	0	0	13.0	122	4	4	0	0	20.84000015258789	109	4	4	0	1	0.0	0	0	0	0	0	3.43999981880188	249	9	8	1	0	5.940000057220459	208	9	8	1	1	0.0	0	0	0	0	0	13.0	229	7	6	1	0	20.84000015258789	201	7	6	1	192207	192207	192207	1	/lus/flare/projects/neutrinoGPU/twester/scratch/sbnd_gen2_full/reco1/000000/000000/reco1-detsim-g4-gen-8b63-0aca-23d7-0ab0.root	/lus/flare/projects/neutrinoGPU/twester/scratch/sbnd_gen2_full/detsim/000000/000000/detsim-g4-gen-8b63-0aca-23d7-0ab0.root	/lus/flare/projects/neutrinoGPU/abhat/sbnd/thomas-g4-parsl-reproduction-20260921/reco1/000000/000000/reco1-detsim-3de8-e31a-378b-40c8.root	/lus/flare/projects/neutrinoGPU/abhat/sbnd/thomas-g4-parsl-reproduction-20260921/detsim/000000/000000/detsim-3de8-e31a-378b-40c8.root	/lus/flare/projects/neutrinoGPU/abhat/sbnd/thomas-g4-parsl-rerun-20260924/reco1/000000/000000/reco1-detsim-a1c1-b466-2173-2e47.root	/lus/flare/projects/neutrinoGPU/abhat/sbnd/thomas-g4-parsl-rerun-20260924/detsim/000000/000000/detsim-a1c1-b466-2173-2e47.root
8b63-0aca-23d7-0ab0	1	1	13	3	all_same	A1=A2!=T	A1=A2!=T	1	0.0	0	0	0	0	0	12.9399995803833	38	1	1	0	0	14.460000038146973	37	1	1	0	1	0.0	0	0	0	0	0	12.9399995803833	38	1	1	0	0	14.460000038146973	37	1	1	0	1	0.0	0	0	0	0	1	0.0	0	0	0	0	1	0.0	0	0	0	0	259336	259336	259336	1	/lus/flare/projects/neutrinoGPU/twester/scratch/sbnd_gen2_full/reco1/000000/000000/reco1-detsim-g4-gen-8b63-0aca-23d7-0ab0.root	/lus/flare/projects/neutrinoGPU/twester/scratch/sbnd_gen2_full/detsim/000000/000000/detsim-g4-gen-8b63-0aca-23d7-0ab0.root	/lus/flare/projects/neutrinoGPU/abhat/sbnd/thomas-g4-parsl-reproduction-20260921/reco1/000000/000000/reco1-detsim-3de8-e31a-378b-40c8.root	/lus/flare/projects/neutrinoGPU/abhat/sbnd/thomas-g4-parsl-reproduction-20260921/detsim/000000/000000/detsim-3de8-e31a-378b-40c8.root	/lus/flare/projects/neutrinoGPU/abhat/sbnd/thomas-g4-parsl-rerun-20260924/reco1/000000/000000/reco1-detsim-a1c1-b466-2173-2e47.root	/lus/flare/projects/neutrinoGPU/abhat/sbnd/thomas-g4-parsl-rerun-20260924/detsim/000000/000000/detsim-a1c1-b466-2173-2e47.root
8b63-0aca-23d7-0ab0	2	1	13	10	T=A2!=A1	T=A2!=A1	T=A2!=A1	0	1.3788342475891113	26	1	1	0	0	4.679999828338623	87	3	3	0	0	6.599999904632568	73	3	3	0	1	0.0	0	0	0	0	1	0.0	0	0	0	0	1	0.0	0	0	0	0	0	1.3788342475891113	26	1	1	0	0	4.679999828338623	87	3	3	0	0	6.599999904632568	73	3	3	0	360059	360053	360059	1	/lus/flare/projects/neutrinoGPU/twester/scratch/sbnd_gen2_full/reco1/000000/000000/reco1-detsim-g4-gen-8b63-0aca-23d7-0ab0.root	/lus/flare/projects/neutrinoGPU/twester/scratch/sbnd_gen2_full/detsim/000000/000000/detsim-g4-gen-8b63-0aca-23d7-0ab0.root	/lus/flare/projects/neutrinoGPU/abhat/sbnd/thomas-g4-parsl-reproduction-20260921/reco1/000000/000000/reco1-detsim-3de8-e31a-378b-40c8.root	/lus/flare/projects/neutrinoGPU/abhat/sbnd/thomas-g4-parsl-reproduction-20260921/detsim/000000/000000/detsim-3de8-e31a-378b-40c8.root	/lus/flare/projects/neutrinoGPU/abhat/sbnd/thomas-g4-parsl-rerun-20260924/reco1/000000/000000/reco1-detsim-a1c1-b466-2173-2e47.root	/lus/flare/projects/neutrinoGPU/abhat/sbnd/thomas-g4-parsl-rerun-20260924/detsim/000000/000000/detsim-a1c1-b466-2173-2e47.root
8b63-0aca-23d7-0ab0	3	1	13	14	all_same	T=A1!=A2	T=A1!=A2	1	0.0	0	0	0	0	1	0.0	0	0	0	0	1	0.0	0	0	0	0	1	0.0	0	0	0	0	0	2.7200000286102295	69	2	2	0	0	6.71999979019165	53	2	2	0	1	0.0	0	0	0	0	0	2.7200000286102295	69	2	2	0	0	6.71999979019165	53	2	2	0	451593	451593	451593	1	/lus/flare/projects/neutrinoGPU/twester/scratch/sbnd_gen2_full/reco1/000000/000000/reco1-detsim-g4-gen-8b63-0aca-23d7-0ab0.root	/lus/flare/projects/neutrinoGPU/twester/scratch/sbnd_gen2_full/detsim/000000/000000/detsim-g4-gen-8b63-0aca-23d7-0ab0.root	/lus/flare/projects/neutrinoGPU/abhat/sbnd/thomas-g4-parsl-reproduction-20260921/reco1/000000/000000/reco1-detsim-3de8-e31a-378b-40c8.root	/lus/flare/projects/neutrinoGPU/abhat/sbnd/thomas-g4-parsl-reproduction-20260921/detsim/000000/000000/detsim-3de8-e31a-378b-40c8.root	/lus/flare/projects/neutrinoGPU/abhat/sbnd/thomas-g4-parsl-rerun-20260924/reco1/000000/000000/reco1-detsim-a1c1-b466-2173-2e47.root	/lus/flare/projects/neutrinoGPU/abhat/sbnd/thomas-g4-parsl-rerun-20260924/detsim/000000/000000/detsim-a1c1-b466-2173-2e47.root
8b63-0aca-23d7-0ab0	4	1	13	15	T=A1!=A2	T=A1!=A2	T=A1!=A2	1	0.0	0	0	0	0	1	0.0	0	0	0	0	1	0.0	0	0	0	0	0	3.4711170196533203	52	2	2	0	0	1.3599998950958252	66	3	3	0	0	4.220000267028809	56	3	3	0	0	3.4711170196533203	52	2	2	0	0	1.3599998950958252	66	3	3	0	0	4.220000267028809	56	3	3	0	304666	304666	304665	1	/lus/flare/projects/neutrinoGPU/twester/scratch/sbnd_gen2_full/reco1/000000/000000/reco1-detsim-g4-gen-8b63-0aca-23d7-0ab0.root	/lus/flare/projects/neutrinoGPU/twester/scratch/sbnd_gen2_full/detsim/000000/000000/detsim-g4-gen-8b63-0aca-23d7-0ab0.root	/lus/flare/projects/neutrinoGPU/abhat/sbnd/thomas-g4-parsl-reproduction-20260921/reco1/000000/000000/reco1-detsim-3de8-e31a-378b-40c8.root	/lus/flare/projects/neutrinoGPU/abhat/sbnd/thomas-g4-parsl-reproduction-20260921/detsim/000000/000000/detsim-3de8-e31a-378b-40c8.root	/lus/flare/projects/neutrinoGPU/abhat/sbnd/thomas-g4-parsl-rerun-20260924/reco1/000000/000000/reco1-detsim-a1c1-b466-2173-2e47.root	/lus/flare/projects/neutrinoGPU/abhat/sbnd/thomas-g4-parsl-rerun-20260924/detsim/000000/000000/detsim-a1c1-b466-2173-2e47.root
a580-6d02-29fd-d041	0	1	18	1	all_same	T=A1!=A2	T=A1!=A2	1	0.0	0	0	0	0	1	0.0	0	0	0	0	1	0.0	0	0	0	0	1	0.0	0	0	0	0	0	6.900000095367432	363	7	7	0	0	12.720000267028809	342	7	7	0	1	0.0	0	0	0	0	0	6.900000095367432	363	7	7	0	0	12.720000267028809	342	7	7	0	353296	353296	353296	1	/lus/flare/projects/neutrinoGPU/twester/scratch/sbnd_gen2_full/reco1/000000/000000/reco1-detsim-g4-gen-a580-6d02-29fd-d041.root	/lus/flare/projects/neutrinoGPU/twester/scratch/sbnd_gen2_full/detsim/000000/000000/detsim-g4-gen-a580-6d02-29fd-d041.root	/lus/flare/projects/neutrinoGPU/abhat/sbnd/thomas-g4-parsl-reproduction-20260921/reco1/000000/000000/reco1-detsim-e9fe-b219-3a5c-3f27.root	/lus/flare/projects/neutrinoGPU/abhat/sbnd/thomas-g4-parsl-reproduction-20260921/detsim/000000/000000/detsim-e9fe-b219-3a5c-3f27.root	/lus/flare/projects/neutrinoGPU/abhat/sbnd/thomas-g4-parsl-rerun-20260924/reco1/000000/000000/reco1-detsim-44b3-50c6-6bc1-b98a.root	/lus/flare/projects/neutrinoGPU/abhat/sbnd/thomas-g4-parsl-rerun-20260924/detsim/000000/000000/detsim-44b3-50c6-6bc1-b98a.root
a964-b5d5-bad6-e3ac	0	1	12	1	all_same	T=A1!=A2	T=A1!=A2	1	0.0	0	0	0	0	1	0.0	0	0	0	0	1	0.0	0	0	0	0	1	0.0	0	0	0	0	0	0.559999942779541	65	2	1	1	0	3.5799999237060547	57	2	2	0	1	0.0	0	0	0	0	0	0.559999942779541	65	2	1	1	0	3.5799999237060547	57	2	2	0	304038	304038	304038	1	/lus/flare/projects/neutrinoGPU/twester/scratch/sbnd_gen2_full/reco1/000000/000000/reco1-detsim-g4-gen-a964-b5d5-bad6-e3ac.root	/lus/flare/projects/neutrinoGPU/twester/scratch/sbnd_gen2_full/detsim/000000/000000/detsim-g4-gen-a964-b5d5-bad6-e3ac.root	/lus/flare/projects/neutrinoGPU/abhat/sbnd/thomas-g4-parsl-reproduction-20260921/reco1/000000/000000/reco1-detsim-61ad-2a02-0247-556b.root	/lus/flare/projects/neutrinoGPU/abhat/sbnd/thomas-g4-parsl-reproduction-20260921/detsim/000000/000000/detsim-61ad-2a02-0247-556b.root	/lus/flare/projects/neutrinoGPU/abhat/sbnd/thomas-g4-parsl-rerun-20260924/reco1/000000/000000/reco1-detsim-75bf-f2c5-8ce5-3946.root	/lus/flare/projects/neutrinoGPU/abhat/sbnd/thomas-g4-parsl-rerun-20260924/detsim/000000/000000/detsim-75bf-f2c5-8ce5-3946.root
a964-b5d5-bad6-e3ac	1	1	12	10	A1=A2!=T	all_same	all_same	0	1.4910656213760376	37	2	1	1	1	0.0	0	0	0	0	1	0.0	0	0	0	0	0	1.4910656213760376	37	2	1	1	1	0.0	0	0	0	0	1	0.0	0	0	0	0	1	0.0	0	0	0	0	1	0.0	0	0	0	0	1	0.0	0	0	0	0	461911	461907	461907	1	/lus/flare/projects/neutrinoGPU/twester/scratch/sbnd_gen2_full/reco1/000000/000000/reco1-detsim-g4-gen-a964-b5d5-bad6-e3ac.root	/lus/flare/projects/neutrinoGPU/twester/scratch/sbnd_gen2_full/detsim/000000/000000/detsim-g4-gen-a964-b5d5-bad6-e3ac.root	/lus/flare/projects/neutrinoGPU/abhat/sbnd/thomas-g4-parsl-reproduction-20260921/reco1/000000/000000/reco1-detsim-61ad-2a02-0247-556b.root	/lus/flare/projects/neutrinoGPU/abhat/sbnd/thomas-g4-parsl-reproduction-20260921/detsim/000000/000000/detsim-61ad-2a02-0247-556b.root	/lus/flare/projects/neutrinoGPU/abhat/sbnd/thomas-g4-parsl-rerun-20260924/reco1/000000/000000/reco1-detsim-75bf-f2c5-8ce5-3946.root	/lus/flare/projects/neutrinoGPU/abhat/sbnd/thomas-g4-parsl-rerun-20260924/detsim/000000/000000/detsim-75bf-f2c5-8ce5-3946.root
a964-b5d5-bad6-e3ac	2	1	12	11	all_same	all_same	all_same	1	0.0	0	0	0	0	1	0.0	0	0	0	0	1	0.0	0	0	0	0	1	0.0	0	0	0	0	1	0.0	0	0	0	0	1	0.0	0	0	0	0	1	0.0	0	0	0	0	1	0.0	0	0	0	0	1	0.0	0	0	0	0	188207	188207	188207	1	/lus/flare/projects/neutrinoGPU/twester/scratch/sbnd_gen2_full/reco1/000000/000000/reco1-detsim-g4-gen-a964-b5d5-bad6-e3ac.root	/lus/flare/projects/neutrinoGPU/twester/scratch/sbnd_gen2_full/detsim/000000/000000/detsim-g4-gen-a964-b5d5-bad6-e3ac.root	/lus/flare/projects/neutrinoGPU/abhat/sbnd/thomas-g4-parsl-reproduction-20260921/reco1/000000/000000/reco1-detsim-61ad-2a02-0247-556b.root	/lus/flare/projects/neutrinoGPU/abhat/sbnd/thomas-g4-parsl-reproduction-20260921/detsim/000000/000000/detsim-61ad-2a02-0247-556b.root	/lus/flare/projects/neutrinoGPU/abhat/sbnd/thomas-g4-parsl-rerun-20260924/reco1/000000/000000/reco1-detsim-75bf-f2c5-8ce5-3946.root	/lus/flare/projects/neutrinoGPU/abhat/sbnd/thomas-g4-parsl-rerun-20260924/detsim/000000/000000/detsim-75bf-f2c5-8ce5-3946.root
c4c4-468c-d5b6-e032	0	1	6	1	all_same	A1=A2!=T	A1=A2!=T	1	0.0	0	0	0	0	0	2.2799999713897705	54	2	2	0	0	3.440000057220459	47	2	2	0	1	0.0	0	0	0	0	0	2.2799999713897705	54	2	2	0	0	3.440000057220459	47	2	2	0	1	0.0	0	0	0	0	1	0.0	0	0	0	0	1	0.0	0	0	0	0	367355	367355	367355	1	/lus/flare/projects/neutrinoGPU/twester/scratch/sbnd_gen2_full/reco1/000000/000000/reco1-detsim-g4-gen-c4c4-468c-d5b6-e032.root	/lus/flare/projects/neutrinoGPU/twester/scratch/sbnd_gen2_full/detsim/000000/000000/detsim-g4-gen-c4c4-468c-d5b6-e032.root	/lus/flare/projects/neutrinoGPU/abhat/sbnd/thomas-g4-parsl-reproduction-20260921/reco1/000000/000000/reco1-detsim-6113-76d3-e108-3c7c.root	/lus/flare/projects/neutrinoGPU/abhat/sbnd/thomas-g4-parsl-reproduction-20260921/detsim/000000/000000/detsim-6113-76d3-e108-3c7c.root	/lus/flare/projects/neutrinoGPU/abhat/sbnd/thomas-g4-parsl-rerun-20260924/reco1/000000/000000/reco1-detsim-d615-ede3-9e4c-fe6e.root	/lus/flare/projects/neutrinoGPU/abhat/sbnd/thomas-g4-parsl-rerun-20260924/detsim/000000/000000/detsim-d615-ede3-9e4c-fe6e.root
c4c4-468c-d5b6-e032	1	1	6	4	all_same	T=A1!=A2	T=A1!=A2	1	0.0	0	0	0	0	1	0.0	0	0	0	0	1	0.0	0	0	0	0	1	0.0	0	0	0	0	0	3.740000009536743	76	3	2	1	0	6.21999979019165	68	3	2	1	1	0.0	0	0	0	0	0	3.740000009536743	76	3	2	1	0	6.21999979019165	68	3	2	1	258988	258988	258988	1	/lus/flare/projects/neutrinoGPU/twester/scratch/sbnd_gen2_full/reco1/000000/000000/reco1-detsim-g4-gen-c4c4-468c-d5b6-e032.root	/lus/flare/projects/neutrinoGPU/twester/scratch/sbnd_gen2_full/detsim/000000/000000/detsim-g4-gen-c4c4-468c-d5b6-e032.root	/lus/flare/projects/neutrinoGPU/abhat/sbnd/thomas-g4-parsl-reproduction-20260921/reco1/000000/000000/reco1-detsim-6113-76d3-e108-3c7c.root	/lus/flare/projects/neutrinoGPU/abhat/sbnd/thomas-g4-parsl-reproduction-20260921/detsim/000000/000000/detsim-6113-76d3-e108-3c7c.root	/lus/flare/projects/neutrinoGPU/abhat/sbnd/thomas-g4-parsl-rerun-20260924/reco1/000000/000000/reco1-detsim-d615-ede3-9e4c-fe6e.root	/lus/flare/projects/neutrinoGPU/abhat/sbnd/thomas-g4-parsl-rerun-20260924/detsim/000000/000000/detsim-d615-ede3-9e4c-fe6e.root
c4c4-468c-d5b6-e032	2	1	6	7	all_same	all_differ	all_differ	1	0.0	0	0	0	0	0	2.2799999713897705	99	3	3	0	0	4.039999961853027	77	3	3	0	1	0.0	0	0	0	0	0	14.899999618530273	342	9	7	2	0	20.520000457763672	343	9	9	0	1	0.0	0	0	0	0	0	14.899999618530273	441	12	10	2	0	20.520000457763672	420	12	12	0	153491	153491	153491	1	/lus/flare/projects/neutrinoGPU/twester/scratch/sbnd_gen2_full/reco1/000000/000000/reco1-detsim-g4-gen-c4c4-468c-d5b6-e032.root	/lus/flare/projects/neutrinoGPU/twester/scratch/sbnd_gen2_full/detsim/000000/000000/detsim-g4-gen-c4c4-468c-d5b6-e032.root	/lus/flare/projects/neutrinoGPU/abhat/sbnd/thomas-g4-parsl-reproduction-20260921/reco1/000000/000000/reco1-detsim-6113-76d3-e108-3c7c.root	/lus/flare/projects/neutrinoGPU/abhat/sbnd/thomas-g4-parsl-reproduction-20260921/detsim/000000/000000/detsim-6113-76d3-e108-3c7c.root	/lus/flare/projects/neutrinoGPU/abhat/sbnd/thomas-g4-parsl-rerun-20260924/reco1/000000/000000/reco1-detsim-d615-ede3-9e4c-fe6e.root	/lus/flare/projects/neutrinoGPU/abhat/sbnd/thomas-g4-parsl-rerun-20260924/detsim/000000/000000/detsim-d615-ede3-9e4c-fe6e.root
c4c4-468c-d5b6-e032	3	1	6	12	all_same	all_differ	all_differ	1	0.0	0	0	0	0	0	5.78000020980835	142	5	5	0	0	10.420000076293945	131	5	5	0	1	0.0	0	0	0	0	0	0.6800000071525574	39	2	2	0	0	1.7799999713897705	45	2	2	0	1	0.0	0	0	0	0	0	5.78000020980835	103	3	3	0	0	10.420000076293945	86	3	3	0	170589	170589	170589	1	/lus/flare/projects/neutrinoGPU/twester/scratch/sbnd_gen2_full/reco1/000000/000000/reco1-detsim-g4-gen-c4c4-468c-d5b6-e032.root	/lus/flare/projects/neutrinoGPU/twester/scratch/sbnd_gen2_full/detsim/000000/000000/detsim-g4-gen-c4c4-468c-d5b6-e032.root	/lus/flare/projects/neutrinoGPU/abhat/sbnd/thomas-g4-parsl-reproduction-20260921/reco1/000000/000000/reco1-detsim-6113-76d3-e108-3c7c.root	/lus/flare/projects/neutrinoGPU/abhat/sbnd/thomas-g4-parsl-reproduction-20260921/detsim/000000/000000/detsim-6113-76d3-e108-3c7c.root	/lus/flare/projects/neutrinoGPU/abhat/sbnd/thomas-g4-parsl-rerun-20260924/reco1/000000/000000/reco1-detsim-d615-ede3-9e4c-fe6e.root	/lus/flare/projects/neutrinoGPU/abhat/sbnd/thomas-g4-parsl-rerun-20260924/detsim/000000/000000/detsim-d615-ede3-9e4c-fe6e.root
f356-90c1-0215-e140	0	1	10	2	all_same	T=A1!=A2	T=A1!=A2	1	0.0	0	0	0	0	1	0.0	0	0	0	0	1	0.0	0	0	0	0	1	0.0	0	0	0	0	0	4.579999923706055	85	3	3	0	0	6.0	73	3	3	0	1	0.0	0	0	0	0	0	4.579999923706055	85	3	3	0	0	6.0	73	3	3	0	500714	500714	500714	1	/lus/flare/projects/neutrinoGPU/twester/scratch/sbnd_gen2_full/reco1/000000/000000/reco1-detsim-g4-gen-f356-90c1-0215-e140.root	/lus/flare/projects/neutrinoGPU/twester/scratch/sbnd_gen2_full/detsim/000000/000000/detsim-g4-gen-f356-90c1-0215-e140.root	/lus/flare/projects/neutrinoGPU/abhat/sbnd/thomas-g4-parsl-reproduction-20260921/reco1/000000/000000/reco1-detsim-073d-091b-c438-e7ec.root	/lus/flare/projects/neutrinoGPU/abhat/sbnd/thomas-g4-parsl-reproduction-20260921/detsim/000000/000000/detsim-073d-091b-c438-e7ec.root	/lus/flare/projects/neutrinoGPU/abhat/sbnd/thomas-g4-parsl-rerun-20260924/reco1/000000/000000/reco1-detsim-4957-c7c5-7e99-48ff.root	/lus/flare/projects/neutrinoGPU/abhat/sbnd/thomas-g4-parsl-rerun-20260924/detsim/000000/000000/detsim-4957-c7c5-7e99-48ff.root
f356-90c1-0215-e140	1	1	10	5	T=A2!=A1	all_same	all_same	0	2.7721526622772217	75	5	5	0	1	0.0	0	0	0	0	1	0.0	0	0	0	0	1	0.0	0	0	0	0	1	0.0	0	0	0	0	1	0.0	0	0	0	0	0	2.7721526622772217	75	5	5	0	1	0.0	0	0	0	0	1	0.0	0	0	0	0	293402	293429	293402	1	/lus/flare/projects/neutrinoGPU/twester/scratch/sbnd_gen2_full/reco1/000000/000000/reco1-detsim-g4-gen-f356-90c1-0215-e140.root	/lus/flare/projects/neutrinoGPU/twester/scratch/sbnd_gen2_full/detsim/000000/000000/detsim-g4-gen-f356-90c1-0215-e140.root	/lus/flare/projects/neutrinoGPU/abhat/sbnd/thomas-g4-parsl-reproduction-20260921/reco1/000000/000000/reco1-detsim-073d-091b-c438-e7ec.root	/lus/flare/projects/neutrinoGPU/abhat/sbnd/thomas-g4-parsl-reproduction-20260921/detsim/000000/000000/detsim-073d-091b-c438-e7ec.root	/lus/flare/projects/neutrinoGPU/abhat/sbnd/thomas-g4-parsl-rerun-20260924/reco1/000000/000000/reco1-detsim-4957-c7c5-7e99-48ff.root	/lus/flare/projects/neutrinoGPU/abhat/sbnd/thomas-g4-parsl-rerun-20260924/detsim/000000/000000/detsim-4957-c7c5-7e99-48ff.root
f356-90c1-0215-e140	2	1	10	6	T=A2!=A1	all_same	all_same	0	11.587388038635254	187	6	6	0	1	0.0	0	0	0	0	1	0.0	0	0	0	0	1	0.0	0	0	0	0	1	0.0	0	0	0	0	1	0.0	0	0	0	0	0	11.587388038635254	187	6	6	0	1	0.0	0	0	0	0	1	0.0	0	0	0	0	402123	402090	402123	1	/lus/flare/projects/neutrinoGPU/twester/scratch/sbnd_gen2_full/reco1/000000/000000/reco1-detsim-g4-gen-f356-90c1-0215-e140.root	/lus/flare/projects/neutrinoGPU/twester/scratch/sbnd_gen2_full/detsim/000000/000000/detsim-g4-gen-f356-90c1-0215-e140.root	/lus/flare/projects/neutrinoGPU/abhat/sbnd/thomas-g4-parsl-reproduction-20260921/reco1/000000/000000/reco1-detsim-073d-091b-c438-e7ec.root	/lus/flare/projects/neutrinoGPU/abhat/sbnd/thomas-g4-parsl-reproduction-20260921/detsim/000000/000000/detsim-073d-091b-c438-e7ec.root	/lus/flare/projects/neutrinoGPU/abhat/sbnd/thomas-g4-parsl-rerun-20260924/reco1/000000/000000/reco1-detsim-4957-c7c5-7e99-48ff.root	/lus/flare/projects/neutrinoGPU/abhat/sbnd/thomas-g4-parsl-rerun-20260924/detsim/000000/000000/detsim-4957-c7c5-7e99-48ff.root
f356-90c1-0215-e140	3	1	10	9	all_same	all_same	all_same	1	0.0	0	0	0	0	1	0.0	0	0	0	0	1	0.0	0	0	0	0	1	0.0	0	0	0	0	1	0.0	0	0	0	0	1	0.0	0	0	0	0	1	0.0	0	0	0	0	1	0.0	0	0	0	0	1	0.0	0	0	0	0	487040	487040	487040	1	/lus/flare/projects/neutrinoGPU/twester/scratch/sbnd_gen2_full/reco1/000000/000000/reco1-detsim-g4-gen-f356-90c1-0215-e140.root	/lus/flare/projects/neutrinoGPU/twester/scratch/sbnd_gen2_full/detsim/000000/000000/detsim-g4-gen-f356-90c1-0215-e140.root	/lus/flare/projects/neutrinoGPU/abhat/sbnd/thomas-g4-parsl-reproduction-20260921/reco1/000000/000000/reco1-detsim-073d-091b-c438-e7ec.root	/lus/flare/projects/neutrinoGPU/abhat/sbnd/thomas-g4-parsl-reproduction-20260921/detsim/000000/000000/detsim-073d-091b-c438-e7ec.root	/lus/flare/projects/neutrinoGPU/abhat/sbnd/thomas-g4-parsl-rerun-20260924/reco1/000000/000000/reco1-detsim-4957-c7c5-7e99-48ff.root	/lus/flare/projects/neutrinoGPU/abhat/sbnd/thomas-g4-parsl-rerun-20260924/detsim/000000/000000/detsim-4957-c7c5-7e99-48ff.root
f356-90c1-0215-e140	4	1	10	15	all_same	A1=A2!=T	A1=A2!=T	1	0.0	0	0	0	0	0	0.06000000238418579	24	1	1	0	0	0.30000001192092896	24	1	1	0	1	0.0	0	0	0	0	0	0.06000000238418579	24	1	1	0	0	0.30000001192092896	24	1	1	0	1	0.0	0	0	0	0	1	0.0	0	0	0	0	1	0.0	0	0	0	0	358920	358920	358920	1	/lus/flare/projects/neutrinoGPU/twester/scratch/sbnd_gen2_full/reco1/000000/000000/reco1-detsim-g4-gen-f356-90c1-0215-e140.root	/lus/flare/projects/neutrinoGPU/twester/scratch/sbnd_gen2_full/detsim/000000/000000/detsim-g4-gen-f356-90c1-0215-e140.root	/lus/flare/projects/neutrinoGPU/abhat/sbnd/thomas-g4-parsl-reproduction-20260921/reco1/000000/000000/reco1-detsim-073d-091b-c438-e7ec.root	/lus/flare/projects/neutrinoGPU/abhat/sbnd/thomas-g4-parsl-reproduction-20260921/detsim/000000/000000/detsim-073d-091b-c438-e7ec.root	/lus/flare/projects/neutrinoGPU/abhat/sbnd/thomas-g4-parsl-rerun-20260924/reco1/000000/000000/reco1-detsim-4957-c7c5-7e99-48ff.root	/lus/flare/projects/neutrinoGPU/abhat/sbnd/thomas-g4-parsl-rerun-20260924/detsim/000000/000000/detsim-4957-c7c5-7e99-48ff.root
