run	subrun	event
18269	1	197314
18269	1	197600
18269	1	197710
18269	1	197776
18269	1	197864
18269	1	197908
18269	1	198216
18269	1	198260
18269	1	198854
18269	1	199646
18269	1	200218
18269	1	200460
18269	1	201208
18269	1	201582
18269	1	202022
18269	1	202176
18269	1	203540
18269	1	203738
18269	1	203782
18269	1	204838
18269	1	204860
18269	1	205124
18269	1	205234
18269	1	205300
18269	1	206026
18269	1	206378
18269	1	206862
18269	1	207236
18269	1	207346
18269	1	207676
18269	1	207940
18269	1	208996
18269	1	209040
18269	1	209084
18269	1	209172
18269	1	209964
18269	1	210976
18269	1	211790
18269	1	212186
18269	1	212406
18269	1	212494
18269	1	212714
18269	1	212868
18269	1	213418
18269	1	213748
18269	1	214078
18269	1	214100
18269	1	214430
18269	1	214826
18269	1	215046
18487	1	326250
18487	1	326360
18487	1	326536
18487	1	326580
18487	1	326954
18487	1	327284
18487	1	327856
18487	1	327966
18487	1	328428
18487	1	328582
18487	1	329242
18487	1	329418
18487	1	329814
18487	1	330012
18487	1	330034
18487	1	330738
18487	1	331090
18487	1	331222
18487	1	332256
18487	1	332806
18487	1	332894
18487	1	333378
18487	1	333488
18487	1	334016
18487	1	334126
18487	1	334610
18487	1	334962
18487	1	335270
18487	1	335336
18487	1	335512
18487	1	336678
18487	1	336766
18487	1	337360
18487	1	337668
18487	1	337734
18487	1	338790
18487	1	338856
18487	1	339120
18487	1	339538
18487	1	341232
18487	1	341562
18487	1	341672
18487	1	341936
18487	1	341958
18487	1	342222
18487	1	342706
18487	1	342772
18487	1	343036
18487	1	343564
18487	1	343784
18482	1	443675
18482	1	444071
18482	1	444203
18482	1	444401
18482	1	444445
18482	1	444775
18482	1	444797
18482	1	444951
18482	1	445237
18482	1	445523
18482	1	446513
18482	1	447019
18482	1	447195
18482	1	448075
18482	1	449131
18482	1	449681
18482	1	449835
18482	1	449989
18482	1	450275
18482	1	450517
18482	1	450561
18482	1	450605
18482	1	451595
18482	1	451881
18482	1	451903
18482	1	451991
18482	1	452013
18482	1	452871
18482	1	453003
18482	1	453069
18482	1	453201
18482	1	453971
18482	1	454015
18482	1	454499
18482	1	454543
18482	1	454763
18482	1	455071
18482	1	456523
18482	1	457051
18482	1	457271
18482	1	457557
18482	1	458085
18482	1	458173
18482	1	458195
18482	1	458217
18482	1	458349
18482	1	460043
18482	1	460263
18482	1	460285
18482	1	460527
18346	1	13892
18346	1	13980
18346	1	14200
18346	1	14222
18346	1	14332
18346	1	14398
18346	1	14420
18346	1	14596
18346	1	14926
18346	1	14970
18346	1	15454
18346	1	15674
18346	1	16070
18346	1	16202
18346	1	16378
18346	1	16400
18346	1	16510
18346	1	16752
18346	1	16928
18346	1	17302
18346	1	17346
18346	1	17368
18346	1	17632
18346	1	17676
18346	1	17896
18346	1	18072
18346	1	18358
18346	1	18446
18346	1	18512
18346	1	19150
18484	1	286375
18484	1	286551
18484	1	286727
18484	1	287123
18484	1	288289
18484	1	288949
18484	1	289037
18484	1	289147
18484	1	289345
18484	1	289499
18484	1	289697
18484	1	289939
18484	1	290137
18484	1	290423
18484	1	290467
18484	1	290841
18484	1	291237
18484	1	291369
18484	1	291391
18484	1	291501
18484	1	291677
18484	1	292579
18484	1	292887
18484	1	292953
18484	1	293107
18484	1	293261
18484	1	293547
18484	1	293833
18484	1	294229
18484	1	294471
18484	1	294779
18484	1	295043
18484	1	295329
18484	1	295703
18484	1	296671
18484	1	296891
18484	1	297001
18484	1	297199
18484	1	297397
18484	1	297793
18484	1	297903
18484	1	297947
18484	1	298145
18484	1	298739
18484	1	299135
18484	1	299509
18484	1	299839
18484	1	299971
18484	1	299993
18484	1	300213
18358	1	97334
18358	1	97642
18358	1	97994
18358	1	98346
18358	1	98544
18358	1	98786
18358	1	99600
18358	1	99952
18358	1	100304
18358	1	100524
18358	1	101294
18358	1	101316
18358	1	101514
18358	1	101536
18358	1	102328
18358	1	102548
18358	1	102636
18358	1	103142
18358	1	103472
18358	1	103560
18358	1	103670
18358	1	104330
18358	1	105386
18358	1	105738
18358	1	106266
18358	1	107740
18358	1	107916
18358	1	107982
18358	1	108884
18358	1	109236
18358	1	109566
18358	1	109632
18358	1	110050
18358	1	110556
18358	1	111172
18358	1	112052
18358	1	112228
18358	1	112866
18358	1	113306
18358	1	113526
18358	1	114868
18358	1	115176
18358	1	115330
18358	1	115792
18358	1	116012
18358	1	117024
18358	1	117156
18503	1	174010
18503	1	174494
18503	1	174582
18503	1	174868
18503	1	176166
18503	1	176716
18503	1	177002
18503	1	177772
18503	1	177904
18503	1	178014
18503	1	178322
18503	1	178696
18503	1	178938
18503	1	179070
18503	1	179092
18503	1	179202
18503	1	179334
18503	1	179510
18503	1	180566
18503	1	180808
18503	1	181182
18503	1	181380
18503	1	181446
18503	1	181512
18503	1	182524
18503	1	182832
18503	1	182854
18503	1	182964
18503	1	183140
18503	1	183184
18503	1	183382
18503	1	183558
18503	1	183800
18503	1	183866
18503	1	184042
18503	1	184108
18503	1	184856
18503	1	185032
18503	1	185648
18503	1	186572
18503	1	187144
18503	1	187760
18503	1	187804
18503	1	187848
18503	1	187892
18503	1	188442
18503	1	188486
18503	1	189344
18503	1	189454
18503	1	189498
18515	1	346735
18515	1	347329
18515	1	347659
18515	1	347681
18515	1	348121
18515	1	348231
18515	1	348979
18515	1	349111
18515	1	349551
18515	1	350519
18515	1	352367
18515	1	352411
18515	1	352499
18515	1	352565
18515	1	352917
18515	1	354083
18515	1	354215
18515	1	354413
18515	1	354501
18515	1	354787
18515	1	355095
18515	1	355293
18515	1	357163
18515	1	357361
18515	1	357669
18515	1	358285
18515	1	358549
18515	1	358659
18515	1	358989
18515	1	359869
18515	1	360155
18515	1	360573
18515	1	360749
18515	1	361189
18515	1	361497
18515	1	362179
18515	1	362597
18515	1	362641
18515	1	362971
18515	1	363191
18515	1	363697
18515	1	363807
18515	1	364049
18515	1	364071
18515	1	364599
18515	1	365237
18515	1	365347
18515	1	365479
18515	1	365633
18515	1	365699
18265	1	130656
18265	1	130678
18265	1	130766
18265	1	131250
18265	1	132284
18265	1	132372
18265	1	132702
18265	1	134066
18265	1	134418
18265	1	134770
18265	1	134814
18265	1	135188
18265	1	135518
18265	1	136200
18528	1	155062
18528	1	155172
18528	1	156998
18528	1	157900
18528	1	158428
18528	1	158714
18528	1	159506
18528	1	159858
18528	1	159968
18528	1	160078
18528	1	162256
18528	1	162828
18528	1	163048
18528	1	163444
18528	1	163510
18528	1	165160
18528	1	166348
18528	1	166458
18528	1	166634
18528	1	166810
18528	1	167404
18528	1	167514
18528	1	167932
18528	1	168614
18528	1	168922
18528	1	169054
18528	1	169450
18528	1	169604
18528	1	169912
18528	1	170330
18528	1	170484
18528	1	170506
18528	1	170814
18528	1	170858
18528	1	171936
18528	1	171958
18528	1	172002
18528	1	172222
18528	1	172684
18528	1	172772
18528	1	173564
18528	1	174224
18528	1	175258
18528	1	175632
18528	1	175830
18528	1	175896
18528	1	176028
18528	1	177084
18528	1	178866
18528	1	178954
18577	1	7
18577	1	337
18577	1	931
18577	1	1305
18577	1	1635
18577	1	2031
18577	1	2097
18577	1	2405
18577	1	2999
18577	1	3175
18577	1	4341
18577	1	4517
18577	1	4583
18577	1	4759
18577	1	5331
18577	1	5727
18577	1	6387
18577	1	6541
18577	1	6761
18577	1	6805
18577	1	7311
18577	1	7465
18577	1	7971
18577	1	8059
18577	1	8675
18577	1	9071
18577	1	9555
18577	1	9907
18577	1	10259
18577	1	10369
18577	1	10677
18577	1	10831
18577	1	11139
18577	1	11359
18577	1	11469
18577	1	11535
18577	1	12349
18577	1	12415
18577	1	12437
18577	1	14263
18577	1	14813
18577	1	15429
18577	1	15473
18577	1	16265
18577	1	16375
18577	1	16441
18577	1	16991
18577	1	17013
18577	1	17607
18577	1	18707
18551	1	421549
18551	1	421857
18551	1	421879
18551	1	422539
18551	1	423265
18551	1	423463
18551	1	424079
18551	1	424365
18551	1	424563
18551	1	424761
18551	1	426147
18551	1	426169
18551	1	426235
18551	1	427467
18551	1	428853
18551	1	429073
18551	1	429183
18551	1	429425
18551	1	430371
18551	1	430415
18551	1	430591
18551	1	431229
18551	1	431449
18551	1	431735
18551	1	432087
18551	1	432681
18551	1	432923
18551	1	433231
18551	1	433319
18551	1	434133
18551	1	434177
18551	1	434221
18551	1	434375
18551	1	434551
18551	1	434573
18551	1	434639
18551	1	436135
18551	1	436509
18551	1	437081
18551	1	437411
18551	1	437587
18551	1	437653
18551	1	438247
18551	1	438269
18551	1	439017
18551	1	439523
18551	1	439655
18551	1	441371
18551	1	441503
18551	1	441679
18275	1	1731
18275	1	1973
18275	1	2017
18275	1	2149
18275	1	2677
18275	1	2853
18275	1	3095
18275	1	3491
18275	1	3689
18275	1	3821
18275	1	3865
18275	1	4019
18275	1	5493
18275	1	5867
18275	1	7671
18275	1	7693
18275	1	7825
18275	1	7935
18275	1	7979
18275	1	8001
18275	1	8331
18275	1	8353
18275	1	9101
18275	1	10157
18275	1	10267
18275	1	10443
18275	1	10729
18275	1	11037
18275	1	11169
18275	1	11235
18275	1	11345
18275	1	11455
18275	1	12115
18275	1	12357
18275	1	13149
18275	1	13171
18275	1	13743
18275	1	14447
18275	1	14645
18275	1	15349
18275	1	15525
18275	1	15723
18275	1	15855
18275	1	16141
18275	1	16361
18275	1	16757
18275	1	17219
18275	1	17593
18275	1	17769
18275	1	17813
18390	1	741643
18390	1	741863
18390	1	741885
18390	1	742347
18390	1	742655
18390	1	742853
18390	1	743293
18390	1	743645
18390	1	743667
18390	1	744393
18390	1	744459
18390	1	744657
18390	1	745097
18390	1	745141
18390	1	745163
18390	1	745207
18390	1	745779
18390	1	745823
18390	1	745999
18390	1	746351
18390	1	746725
18390	1	746769
18390	1	747033
18390	1	747209
18390	1	747495
18390	1	747605
18390	1	748023
18390	1	748155
18390	1	748529
18390	1	748903
18390	1	749079
18390	1	749497
18390	1	750025
18390	1	750795
18390	1	750861
18390	1	750883
18390	1	751389
18390	1	751521
18390	1	751631
18390	1	751939
18390	1	752731
18390	1	752819
18390	1	753369
18390	1	753391
18390	1	753677
18390	1	754073
18390	1	754931
18390	1	755151
18390	1	755657
18390	1	756823
18461	1	132139
18461	1	132513
18461	1	132711
18461	1	132799
18461	1	132887
18461	1	133107
18461	1	135021
18461	1	135681
18461	1	135879
18461	1	136737
18461	1	137111
18461	1	137507
18461	1	138101
18461	1	138497
18461	1	138651
18461	1	139355
18461	1	139773
18461	1	139905
18461	1	139993
18461	1	140323
18461	1	141115
18461	1	141137
18461	1	141841
18461	1	142061
18461	1	142897
18461	1	143029
18461	1	143051
18461	1	143579
18461	1	143711
18461	1	144459
18461	1	144701
18461	1	144745
18461	1	144943
18461	1	145515
18461	1	145801
18461	1	146527
18461	1	146637
18461	1	146791
18461	1	147055
18461	1	147781
18461	1	147891
18461	1	148221
18461	1	148947
18461	1	149673
18461	1	150267
18461	1	150707
18461	1	150883
18461	1	151015
18461	1	152357
18461	1	152621
18351	1	294367
18351	1	294653
18351	1	296369
18351	1	296501
18351	1	296633
18351	1	296765
18351	1	297139
18351	1	297601
18351	1	297887
18351	1	298085
18351	1	298151
18351	1	298965
18351	1	299053
18351	1	299097
18351	1	299559
18351	1	299867
18351	1	300153
18351	1	300483
18351	1	300703
18351	1	300769
18351	1	300923
18351	1	301209
18351	1	301231
18351	1	301451
18351	1	301627
18351	1	302309
18351	1	302771
18351	1	302969
18351	1	303453
18351	1	304575
18351	1	304619
18351	1	304707
18351	1	305543
18351	1	306247
18351	1	306401
18351	1	306489
18351	1	306797
18351	1	306929
18351	1	307083
18351	1	307875
18351	1	308183
18351	1	308447
18351	1	308667
18351	1	309767
18504	1	879396
18504	1	880408
18504	1	880518
18504	1	880738
18504	1	880804
18504	1	881772
18504	1	883004
18504	1	883048
18504	1	883136
18504	1	883620
18504	1	884148
18504	1	884214
18504	1	884632
18504	1	885182
18504	1	887888
18504	1	888042
18504	1	889208
18504	1	889252
18504	1	889670
18504	1	889714
18504	1	889978
18504	1	890066
18504	1	890088
18504	1	890220
18504	1	890462
18504	1	890924
18504	1	890946
18504	1	891804
18504	1	891936
18504	1	892464
18504	1	893146
18504	1	893784
18504	1	895676
18504	1	895720
18504	1	896578
18504	1	898008
18504	1	898074
18504	1	898382
18504	1	898426
18504	1	898624
18504	1	898976
18504	1	899526
18504	1	899548
18504	1	900120
18504	1	900318
18504	1	900626
18504	1	900670
18504	1	900934
18504	1	901242
18504	1	901638
18270	1	913972
18270	1	914566
18270	1	914632
18270	1	914654
18270	1	914808
18270	1	915050
18270	1	915160
18270	1	915336
18270	1	915622
18270	1	916106
18270	1	916348
18270	1	916766
18270	1	917536
18270	1	918284
18270	1	918592
18270	1	919010
18270	1	919164
18270	1	919274
18270	1	919758
18270	1	920132
18270	1	920176
18270	1	921320
18270	1	921848
18270	1	922002
18270	1	922332
18270	1	922354
18270	1	922552
18270	1	922926
18270	1	924290
18270	1	924818
18270	1	925082
18270	1	926028
18270	1	926248
18270	1	926578
18270	1	926952
18270	1	927172
18270	1	927216
18270	1	927326
18270	1	927568
18270	1	927854
18270	1	928272
18270	1	929086
18270	1	929130
18270	1	929482
18270	1	929504
18270	1	930450
18270	1	930648
18270	1	930714
18270	1	931528
18270	1	931594
18587	1	885516
18587	1	885538
18587	1	885846
18587	1	887408
18587	1	887540
18587	1	888002
18587	1	888024
18587	1	888750
18587	1	890092
18587	1	890752
18587	1	891016
18587	1	891500
18587	1	891632
18587	1	893062
18587	1	893084
18587	1	895218
18587	1	895306
18587	1	895394
18587	1	895548
18587	1	895680
18587	1	896010
18587	1	896560
18587	1	897550
18587	1	897572
18587	1	897660
18587	1	898804
18587	1	898936
18587	1	898958
18587	1	899794
18587	1	900476
18587	1	901378
18587	1	901488
18587	1	902698
18587	1	903446
18587	1	903710
18587	1	903754
18587	1	904216
18587	1	904348
18587	1	905778
18587	1	906218
18587	1	906306
18587	1	906636
18587	1	906900
18587	1	906966
18587	1	907406
18587	1	907890
18587	1	908000
18587	1	908066
18587	1	908528
18587	1	908550
18279	1	172676
18279	1	172720
18279	1	173006
18279	1	173534
18279	1	173864
18279	1	174634
18279	1	175030
18279	1	175646
18279	1	175756
18279	1	175954
18279	1	176086
18279	1	176152
18279	1	176262
18279	1	176526
18279	1	176636
18279	1	176966
18279	1	177186
18279	1	177912
18279	1	178022
18279	1	178440
18279	1	178792
18279	1	179122
18279	1	180244
18279	1	180486
18279	1	180640
18279	1	180662
18279	1	181278
18279	1	182026
18279	1	182378
18279	1	182752
18279	1	183456
18279	1	183918
18279	1	185106
18279	1	185502
18279	1	185876
18279	1	186360
18279	1	186558
18279	1	186690
18279	1	186822
18279	1	187152
18279	1	187174
18279	1	187328
18279	1	187482
18279	1	187636
18279	1	188010
18279	1	188318
18279	1	188802
18279	1	188824
18279	1	189462
18279	1	190122
18587	1	357770
18587	1	358496
18587	1	358760
18587	1	359090
18587	1	359684
18587	1	360542
18587	1	360872
18587	1	361048
18587	1	361378
18587	1	361972
18587	1	362016
18587	1	362170
18587	1	362764
18587	1	363072
18587	1	363116
18587	1	363842
18587	1	364414
18587	1	364854
18587	1	365030
18587	1	365206
18587	1	365844
18587	1	365888
18587	1	366416
18587	1	367340
18587	1	367604
18587	1	369056
18587	1	369452
18587	1	370376
18587	1	370662
18587	1	371168
18587	1	371234
18587	1	371432
18587	1	371608
18587	1	371718
18587	1	371784
18587	1	371916
18587	1	372378
18587	1	373104
18587	1	373280
18587	1	374358
18587	1	374666
18587	1	374886
18587	1	375348
18587	1	376052
18587	1	376536
18587	1	377174
18587	1	377438
18587	1	378230
18587	1	378494
18587	1	378648
18459	1	69348
18459	1	70492
18459	1	70888
18459	1	71218
18459	1	71614
18459	1	72186
18459	1	72252
18459	1	72340
18459	1	72472
18459	1	72670
18459	1	72868
18459	1	73000
18459	1	73330
18459	1	74386
18459	1	74430
